"No.","Time","Source","Destination","Protocol","Length","Info"
"42","16.657532700","fe80::3d3:b157:db3d:565d","fe80::e36:23ff:fec4:7760","DNS","111","Standard query 0xcd96 A settings-win.data.microsoft.com"
"43","16.657598600","fe80::3d3:b157:db3d:565d","fe80::e36:23ff:fec4:7760","DNS","111","Standard query 0x7e39 AAAA settings-win.data.microsoft.com"
"44","16.669883100","fe80::e36:23ff:fec4:7760","fe80::3d3:b157:db3d:565d","DNS","249","Standard query response 0xcd96 A settings-win.data.microsoft.com CNAME atm-settingsfe-prod-geo2.trafficmanager.net CNAME settings-prod-eus2-2-tagged.eastus2.cloudapp.azure.com A 40.84.97.4"
"45","16.671644900","fe80::e36:23ff:fec4:7760","fe80::3d3:b157:db3d:565d","DNS","293","Standard query response 0x7e39 AAAA settings-win.data.microsoft.com CNAME atm-settingsfe-prod-geo2.trafficmanager.net CNAME settings-prod-eus2-2-tagged.eastus2.cloudapp.azure.com SOA ns1-06.azure-dns.com"
"136","22.123150700","fe80::3d3:b157:db3d:565d","fe80::e36:23ff:fec4:7760","DNS","111","Standard query 0xf451 AAAA settings-win.data.microsoft.com"
"137","22.135699100","fe80::e36:23ff:fec4:7760","fe80::3d3:b157:db3d:565d","DNS","293","Standard query response 0xf451 AAAA settings-win.data.microsoft.com CNAME atm-settingsfe-prod-geo2.trafficmanager.net CNAME settings-prod-eus2-2-tagged.eastus2.cloudapp.azure.com SOA ns1-06.azure-dns.com"
"182","29.024760800","fe80::3d3:b157:db3d:565d","fe80::e36:23ff:fec4:7760","DNS","101","Standard query 0x06f4 HTTPS config.edge.skype.com"
"183","29.025178300","fe80::3d3:b157:db3d:565d","fe80::e36:23ff:fec4:7760","DNS","101","Standard query 0xbf5f AAAA config.edge.skype.com"
"184","29.025394700","fe80::3d3:b157:db3d:565d","fe80::e36:23ff:fec4:7760","DNS","101","Standard query 0x8961 A config.edge.skype.com"
"185","29.036390600","fe80::e36:23ff:fec4:7760","fe80::3d3:b157:db3d:565d","DNS","276","Standard query response 0xbf5f AAAA config.edge.skype.com CNAME config.edge.skype.com.trafficmanager.net CNAME ln-0007.config.skype.com CNAME config-edge-skype.ln-0007.ln-msedge.net CNAME ln-0007.ln-msedge.net AAAA 2620:1ec:50::17"
"186","29.037739500","fe80::e36:23ff:fec4:7760","fe80::3d3:b157:db3d:565d","DNS","305","Standard query response 0x06f4 HTTPS config.edge.skype.com CNAME config.edge.skype.com.trafficmanager.net CNAME ln-0007.config.skype.com CNAME config-edge-skype.ln-0007.ln-msedge.net CNAME ln-0007.ln-msedge.net SOA ns1.ln-msedge.net"
"187","29.042428200","fe80::e36:23ff:fec4:7760","fe80::3d3:b157:db3d:565d","DNS","264","Standard query response 0x8961 A config.edge.skype.com CNAME config.edge.skype.com.trafficmanager.net CNAME ln-0007.config.skype.com CNAME config-edge-skype.ln-0007.ln-msedge.net CNAME ln-0007.ln-msedge.net A 150.171.22.17"
"325","56.220158400","fe80::3d3:b157:db3d:565d","fe80::e36:23ff:fec4:7760","DNS","95","Standard query 0xdd3b HTTPS doh.opendns.com"
"326","56.220339000","fe80::3d3:b157:db3d:565d","fe80::e36:23ff:fec4:7760","DNS","95","Standard query 0xc057 AAAA doh.opendns.com"
"327","56.220431700","fe80::3d3:b157:db3d:565d","fe80::e36:23ff:fec4:7760","DNS","95","Standard query 0x7b6b A doh.opendns.com"
"328","56.231849400","fe80::e36:23ff:fec4:7760","fe80::3d3:b157:db3d:565d","DNS","123","Standard query response 0xc057 AAAA doh.opendns.com AAAA 2620:119:fc::2"
"329","56.231849400","fe80::e36:23ff:fec4:7760","fe80::3d3:b157:db3d:565d","DNS","111","Standard query response 0x7b6b A doh.opendns.com A 146.112.41.2"
"330","56.235389800","fe80::e36:23ff:fec4:7760","fe80::3d3:b157:db3d:565d","DNS","141","Standard query response 0xdd3b HTTPS doh.opendns.com SOA auth1.opendns.com"
"428","57.815589100","fe80::3d3:b157:db3d:565d","fe80::e36:23ff:fec4:7760","DNS","95","Standard query 0x2933 HTTPS doh.opendns.com"
"429","57.815914300","fe80::3d3:b157:db3d:565d","fe80::e36:23ff:fec4:7760","DNS","95","Standard query 0xf179 AAAA doh.opendns.com"
"430","57.816095800","fe80::3d3:b157:db3d:565d","fe80::e36:23ff:fec4:7760","DNS","95","Standard query 0x484d A doh.opendns.com"
"431","57.827953600","fe80::e36:23ff:fec4:7760","fe80::3d3:b157:db3d:565d","DNS","141","Standard query response 0x2933 HTTPS doh.opendns.com SOA auth1.opendns.com"
"432","57.828734500","fe80::e36:23ff:fec4:7760","fe80::3d3:b157:db3d:565d","DNS","111","Standard query response 0x484d A doh.opendns.com A 146.112.41.2"
"433","57.829872700","fe80::e36:23ff:fec4:7760","fe80::3d3:b157:db3d:565d","DNS","123","Standard query response 0xf179 AAAA doh.opendns.com AAAA 2620:119:fc::2"
"879","61.162571900","fe80::3d3:b157:db3d:565d","fe80::e36:23ff:fec4:7760","DNS","95","Standard query 0x7dd4 HTTPS doh.opendns.com"
"880","61.163032200","fe80::3d3:b157:db3d:565d","fe80::e36:23ff:fec4:7760","DNS","95","Standard query 0x36e5 AAAA doh.opendns.com"
"881","61.163193700","fe80::3d3:b157:db3d:565d","fe80::e36:23ff:fec4:7760","DNS","95","Standard query 0x1fb3 A doh.opendns.com"
"882","61.163515000","fe80::3d3:b157:db3d:565d","fe80::e36:23ff:fec4:7760","DNS","95","Standard query 0x5a1e HTTPS doh.opendns.com"
"883","61.163667900","fe80::3d3:b157:db3d:565d","fe80::e36:23ff:fec4:7760","DNS","95","Standard query 0x2d1e AAAA doh.opendns.com"
"884","61.163785900","fe80::3d3:b157:db3d:565d","fe80::e36:23ff:fec4:7760","DNS","95","Standard query 0x2e0c A doh.opendns.com"
"885","61.164217600","fe80::3d3:b157:db3d:565d","fe80::e36:23ff:fec4:7760","DNS","95","Standard query 0xfe9c HTTPS doh.opendns.com"
"886","61.164341000","fe80::3d3:b157:db3d:565d","fe80::e36:23ff:fec4:7760","DNS","95","Standard query 0xf5fc AAAA doh.opendns.com"
"887","61.164512300","fe80::3d3:b157:db3d:565d","fe80::e36:23ff:fec4:7760","DNS","95","Standard query 0xd41e A doh.opendns.com"
"888","61.177800800","fe80::e36:23ff:fec4:7760","fe80::3d3:b157:db3d:565d","DNS","123","Standard query response 0x36e5 AAAA doh.opendns.com AAAA 2620:119:fc::2"
"889","61.177800800","fe80::e36:23ff:fec4:7760","fe80::3d3:b157:db3d:565d","DNS","123","Standard query response 0xf5fc AAAA doh.opendns.com AAAA 2620:119:fc::2"
"890","61.177800800","fe80::e36:23ff:fec4:7760","fe80::3d3:b157:db3d:565d","DNS","123","Standard query response 0x2d1e AAAA doh.opendns.com AAAA 2620:119:fc::2"
"891","61.180076900","fe80::e36:23ff:fec4:7760","fe80::3d3:b157:db3d:565d","DNS","111","Standard query response 0x1fb3 A doh.opendns.com A 146.112.41.2"
"892","61.180076900","fe80::e36:23ff:fec4:7760","fe80::3d3:b157:db3d:565d","DNS","111","Standard query response 0xd41e A doh.opendns.com A 146.112.41.2"
"893","61.181155700","fe80::e36:23ff:fec4:7760","fe80::3d3:b157:db3d:565d","DNS","111","Standard query response 0x2e0c A doh.opendns.com A 146.112.41.2"
"894","61.181155700","fe80::e36:23ff:fec4:7760","fe80::3d3:b157:db3d:565d","DNS","141","Standard query response 0x7dd4 HTTPS doh.opendns.com SOA auth1.opendns.com"
"895","61.181155700","fe80::e36:23ff:fec4:7760","fe80::3d3:b157:db3d:565d","DNS","141","Standard query response 0xfe9c HTTPS doh.opendns.com SOA auth1.opendns.com"
"896","61.181155700","fe80::e36:23ff:fec4:7760","fe80::3d3:b157:db3d:565d","DNS","141","Standard query response 0x5a1e HTTPS doh.opendns.com SOA auth1.opendns.com"
"3823","77.780148400","fe80::3d3:b157:db3d:565d","fe80::e36:23ff:fec4:7760","DNS","97","Standard query 0xba21 A crl3.digicert.com"
"3824","77.780277900","fe80::3d3:b157:db3d:565d","fe80::e36:23ff:fec4:7760","DNS","97","Standard query 0xfb08 AAAA crl3.digicert.com"
"3825","77.794097400","fe80::e36:23ff:fec4:7760","fe80::3d3:b157:db3d:565d","DNS","333","Standard query response 0xfb08 AAAA crl3.digicert.com CNAME crl.edge.digicert.com CNAME cdp1.digicert.com.akamaized.net CNAME cdp1.digicert.com.splitter-eip.akadns.net CNAME cdp1.digicert.com.eip.akadns.net CNAME eip-terr-as.cdp1.digicert.com.akahost.net AAAA 2600:14e1:1c:6d::"
"3826","77.795332000","fe80::e36:23ff:fec4:7760","fe80::3d3:b157:db3d:565d","DNS","321","Standard query response 0xba21 A crl3.digicert.com CNAME crl.edge.digicert.com CNAME cdp1.digicert.com.akamaized.net CNAME cdp1.digicert.com.splitter-eip.akadns.net CNAME cdp1.digicert.com.eip.akadns.net CNAME eip-terr-as.cdp1.digicert.com.akahost.net A 23.11.39.161"
"24135","110.334929700","fe80::3d3:b157:db3d:565d","fe80::e36:23ff:fec4:7760","DNS","101","Standard query 0x3ed3 A sadownload.mcafee.com"
"24136","110.335087200","fe80::3d3:b157:db3d:565d","fe80::e36:23ff:fec4:7760","DNS","101","Standard query 0x1496 AAAA sadownload.mcafee.com"
"24137","110.347519700","fe80::e36:23ff:fec4:7760","fe80::3d3:b157:db3d:565d","DNS","278","Standard query response 0x1496 AAAA sadownload.mcafee.com CNAME sadownload-r53.awsconsumer.mcafee.com CNAME sadownload.mcafee.com.edgesuite.net CNAME a866.dscd.akamai.net AAAA 2600:140f:f400::1730:e212 AAAA 2600:140f:f400::1730:e218"
"24138","110.347519700","fe80::e36:23ff:fec4:7760","fe80::3d3:b157:db3d:565d","DNS","254","Standard query response 0x3ed3 A sadownload.mcafee.com CNAME sadownload-r53.awsconsumer.mcafee.com CNAME sadownload.mcafee.com.edgesuite.net CNAME a866.dscd.akamai.net A 23.48.226.24 A 23.48.226.18"
"31258","137.062088100","fe80::3d3:b157:db3d:565d","fe80::e36:23ff:fec4:7760","DNS","99","Standard query 0x1cd0 A graph.microsoft.com"
"31259","137.062159800","fe80::3d3:b157:db3d:565d","fe80::e36:23ff:fec4:7760","DNS","99","Standard query 0x4d30 AAAA graph.microsoft.com"
"31260","137.074056000","fe80::e36:23ff:fec4:7760","fe80::3d3:b157:db3d:565d","DNS","227","Standard query response 0x1cd0 A graph.microsoft.com CNAME ags.privatelink.msidentity.com CNAME www.tm.prd.ags.akadns.net A 20.190.174.43 A 20.190.174.41 A 20.190.174.42"
"31261","137.074056000","fe80::e36:23ff:fec4:7760","fe80::3d3:b157:db3d:565d","DNS","263","Standard query response 0x4d30 AAAA graph.microsoft.com CNAME ags.privatelink.msidentity.com CNAME www.tm.prd.ags.akadns.net AAAA 2603:1046:2000:60::83 AAAA 2603:1046:2000:60::84 AAAA 2603:1046:2000:60::80"
"34877","170.794483400","fe80::3d3:b157:db3d:565d","fe80::e36:23ff:fec4:7760","DNS","98","Standard query 0xca13 HTTPS edge.microsoft.com"
"34878","170.795277700","fe80::3d3:b157:db3d:565d","fe80::e36:23ff:fec4:7760","DNS","98","Standard query 0x19a1 AAAA edge.microsoft.com"
"34879","170.795599800","fe80::3d3:b157:db3d:565d","fe80::e36:23ff:fec4:7760","DNS","98","Standard query 0x0b66 A edge.microsoft.com"
"34882","170.806395300","fe80::e36:23ff:fec4:7760","fe80::3d3:b157:db3d:565d","DNS","213","Standard query response 0xca13 HTTPS edge.microsoft.com CNAME edge-microsoft-com.ax-0002.ax-msedge.net CNAME ax-0002.ax-msedge.net SOA ns1.ax-msedge.net"
"34883","170.808625100","fe80::e36:23ff:fec4:7760","fe80::3d3:b157:db3d:565d","DNS","222","Standard query response 0x19a1 AAAA edge.microsoft.com CNAME edge-microsoft-com.ax-0002.ax-msedge.net CNAME ax-0002.ax-msedge.net AAAA 2620:1ec:33::11 AAAA 2620:1ec:33:1::11"
"34884","170.808625100","fe80::e36:23ff:fec4:7760","fe80::3d3:b157:db3d:565d","DNS","198","Standard query response 0x0b66 A edge.microsoft.com CNAME edge-microsoft-com.ax-0002.ax-msedge.net CNAME ax-0002.ax-msedge.net A 150.171.27.11 A 150.171.28.11"
"42291","329.082552400","fe80::3d3:b157:db3d:565d","fe80::e36:23ff:fec4:7760","DNS","95","Standard query 0x15be HTTPS doh.opendns.com"
"42292","329.082891300","fe80::3d3:b157:db3d:565d","fe80::e36:23ff:fec4:7760","DNS","95","Standard query 0x20b1 AAAA doh.opendns.com"
"42293","329.083184300","fe80::3d3:b157:db3d:565d","fe80::e36:23ff:fec4:7760","DNS","95","Standard query 0x8ab4 A doh.opendns.com"
"42294","329.096288800","fe80::e36:23ff:fec4:7760","fe80::3d3:b157:db3d:565d","DNS","123","Standard query response 0x20b1 AAAA doh.opendns.com AAAA 2620:119:fc::2"
"42295","329.098233200","fe80::e36:23ff:fec4:7760","fe80::3d3:b157:db3d:565d","DNS","111","Standard query response 0x8ab4 A doh.opendns.com A 146.112.41.2"
"42296","329.099697900","fe80::e36:23ff:fec4:7760","fe80::3d3:b157:db3d:565d","DNS","141","Standard query response 0x15be HTTPS doh.opendns.com SOA auth1.opendns.com"
"43088","404.621882300","fe80::3d3:b157:db3d:565d","fe80::e36:23ff:fec4:7760","DNS","104","Standard query 0xc594 AAAA ipv6.msftconnecttest.com"
"43090","404.633884600","fe80::e36:23ff:fec4:7760","fe80::3d3:b157:db3d:565d","DNS","244","Standard query response 0xc594 AAAA ipv6.msftconnecttest.com CNAME ipv6.msftconnecttest.com.edgesuite.net CNAME a1968.i6g1.akamai.net AAAA 2600:140f:f400::1730:e218 AAAA 2600:140f:f400::1730:e210"
"43109","405.064191700","fe80::3d3:b157:db3d:565d","fe80::e36:23ff:fec4:7760","DNS","95","Standard query 0x9307 HTTPS doh.opendns.com"
"43110","405.064434600","fe80::3d3:b157:db3d:565d","fe80::e36:23ff:fec4:7760","DNS","95","Standard query 0xe278 AAAA doh.opendns.com"
"43111","405.064623800","fe80::3d3:b157:db3d:565d","fe80::e36:23ff:fec4:7760","DNS","95","Standard query 0x1d14 A doh.opendns.com"
"43112","405.076635400","fe80::e36:23ff:fec4:7760","fe80::3d3:b157:db3d:565d","DNS","141","Standard query response 0x9307 HTTPS doh.opendns.com SOA auth1.opendns.com"
"43113","405.076635400","fe80::e36:23ff:fec4:7760","fe80::3d3:b157:db3d:565d","DNS","123","Standard query response 0xe278 AAAA doh.opendns.com AAAA 2620:119:fc::2"
"43114","405.084375400","fe80::e36:23ff:fec4:7760","fe80::3d3:b157:db3d:565d","DNS","111","Standard query response 0x1d14 A doh.opendns.com A 146.112.41.2"
"43267","405.533755700","192.168.1.6","192.168.1.1","DNS","83","Standard query 0xa494 A www.msftconnecttest.com"
"43268","405.533928800","192.168.1.6","192.168.1.1","DNS","83","Standard query 0x8f11 AAAA www.msftconnecttest.com"
"43269","405.548732400","192.168.1.1","192.168.1.6","DNS","193","Standard query response 0xa494 A www.msftconnecttest.com CNAME www.msftconnecttest.com.edgesuite.net CNAME a39.d.akamai.net A 23.48.226.18 A 23.48.226.19"
"43270","405.550165900","192.168.1.1","192.168.1.6","DNS","219","Standard query response 0x8f11 AAAA www.msftconnecttest.com CNAME www.msftconnecttest.com.edgesuite.net CNAME a39.d.akamai.net SOA n0d.akamai.net"
"43281","405.595625900","192.168.1.6","192.168.1.1","DNS","84","Standard query 0xde9f A ipv6.msftconnecttest.com"
"43284","405.606128500","192.168.1.1","192.168.1.6","DNS","229","Standard query response 0xde9f A ipv6.msftconnecttest.com CNAME ipv6.msftconnecttest.com.edgesuite.net CNAME a1968.i6g1.akamai.net SOA n0i6g1.akamai.net"
"43561","410.077830800","fe80::3d3:b157:db3d:565d","fe80::e36:23ff:fec4:7760","DNS","95","Standard query 0x46ae HTTPS doh.opendns.com"
"43562","410.078158200","fe80::3d3:b157:db3d:565d","fe80::e36:23ff:fec4:7760","DNS","95","Standard query 0x1107 AAAA doh.opendns.com"
"43563","410.078416500","fe80::3d3:b157:db3d:565d","fe80::e36:23ff:fec4:7760","DNS","95","Standard query 0xd007 A doh.opendns.com"
"43564","410.091213900","fe80::e36:23ff:fec4:7760","fe80::3d3:b157:db3d:565d","DNS","123","Standard query response 0x1107 AAAA doh.opendns.com AAAA 2620:119:fc::2"
"43565","410.093044500","fe80::e36:23ff:fec4:7760","fe80::3d3:b157:db3d:565d","DNS","111","Standard query response 0xd007 A doh.opendns.com A 146.112.41.2"
"43566","410.094395200","fe80::e36:23ff:fec4:7760","fe80::3d3:b157:db3d:565d","DNS","141","Standard query response 0x46ae HTTPS doh.opendns.com SOA auth1.opendns.com"
"44092","496.851486000","fe80::3d3:b157:db3d:565d","fe80::e36:23ff:fec4:7760","DNS","92","Standard query 0xe96e HTTPS www.bing.com"
"44093","496.851809800","fe80::3d3:b157:db3d:565d","fe80::e36:23ff:fec4:7760","DNS","92","Standard query 0x606a AAAA www.bing.com"
"44094","496.852120000","fe80::3d3:b157:db3d:565d","fe80::e36:23ff:fec4:7760","DNS","92","Standard query 0x5063 A www.bing.com"
"44095","496.862740600","fe80::e36:23ff:fec4:7760","fe80::3d3:b157:db3d:565d","DNS","274","Standard query response 0xe96e HTTPS www.bing.com CNAME www-www.bing.com.trafficmanager.net CNAME www.bing.com.edgekey.net CNAME e86303.dscx.akamaiedge.net SOA n0dscx.akamaiedge.net"
"44096","496.865257100","fe80::e36:23ff:fec4:7760","fe80::3d3:b157:db3d:565d","DNS","353","Standard query response 0x606a AAAA www.bing.com CNAME www-www.bing.com.trafficmanager.net CNAME www.bing.com.edgekey.net CNAME e86303.dscx.akamaiedge.net AAAA 2600:140f:9800::17d7:d7f2 AAAA 2600:140f:9800::17d7:d7f8 AAAA 2600:140f:9800::17d7:d7f1 AAAA 2600:140f:9800::17c8:eeb9 AAAA 2600:140f:9800::17d7:d7f9"
"44097","496.866067100","fe80::e36:23ff:fec4:7760","fe80::3d3:b157:db3d:565d","DNS","357","Standard query response 0x5063 A www.bing.com CNAME www-www.bing.com.trafficmanager.net CNAME www.bing.com.edgekey.net CNAME e86303.dscx.akamaiedge.net A 23.215.215.202 A 23.215.215.216 A 23.200.238.250 A 23.215.215.210 A 23.215.215.203 A 23.200.238.251 A 23.215.215.200 A 23.215.215.218 A 23.215.215.195"
"44175","497.068902100","fe80::3d3:b157:db3d:565d","fe80::e36:23ff:fec4:7760","DNS","107","Standard query 0x35f3 HTTPS images-eds-ssl.xboxlive.com"
"44176","497.069280500","fe80::3d3:b157:db3d:565d","fe80::e36:23ff:fec4:7760","DNS","107","Standard query 0xa623 AAAA images-eds-ssl.xboxlive.com"
"44177","497.069615800","fe80::3d3:b157:db3d:565d","fe80::e36:23ff:fec4:7760","DNS","107","Standard query 0xf6b8 A images-eds-ssl.xboxlive.com"
"44182","497.081866300","fe80::e36:23ff:fec4:7760","fe80::3d3:b157:db3d:565d","DNS","250","Standard query response 0xa623 AAAA images-eds-ssl.xboxlive.com CNAME images-eds-ssl.xboxlive.com.edgekey.net CNAME e87.dspg.akamaiedge.net AAAA 2600:1417:53:182::57 AAAA 2600:1417:53:1b9::57"
"44183","497.083700000","fe80::e36:23ff:fec4:7760","fe80::3d3:b157:db3d:565d","DNS","255","Standard query response 0x35f3 HTTPS images-eds-ssl.xboxlive.com CNAME images-eds-ssl.xboxlive.com.edgekey.net CNAME e87.dspg.akamaiedge.net SOA n0dspg.akamaiedge.net"
"44184","497.092192900","fe80::e36:23ff:fec4:7760","fe80::3d3:b157:db3d:565d","DNS","210","Standard query response 0xf6b8 A images-eds-ssl.xboxlive.com CNAME images-eds-ssl.xboxlive.com.edgekey.net CNAME e87.dspg.akamaiedge.net A 23.61.112.7"
"44269","497.581939200","fe80::3d3:b157:db3d:565d","fe80::e36:23ff:fec4:7760","DNS","108","Standard query 0x4fec HTTPS store-images.s-microsoft.com"
"44270","497.582046000","fe80::3d3:b157:db3d:565d","fe80::e36:23ff:fec4:7760","DNS","108","Standard query 0xb8da AAAA store-images.s-microsoft.com"
"44271","497.582133800","fe80::3d3:b157:db3d:565d","fe80::e36:23ff:fec4:7760","DNS","108","Standard query 0x3bfd A store-images.s-microsoft.com"
"44272","497.592183900","fe80::e36:23ff:fec4:7760","fe80::3d3:b157:db3d:565d","DNS","262","Standard query response 0x4fec HTTPS store-images.s-microsoft.com CNAME store-images.s-microsoft.com-c.edgekey.net CNAME e12564.dspb.akamaiedge.net SOA n0dspb.akamaiedge.net"
"44273","497.596058000","fe80::e36:23ff:fec4:7760","fe80::3d3:b157:db3d:565d","DNS","217","Standard query response 0x3bfd A store-images.s-microsoft.com CNAME store-images.s-microsoft.com-c.edgekey.net CNAME e12564.dspb.akamaiedge.net A 23.41.122.15"
"44275","497.600528300","fe80::e36:23ff:fec4:7760","fe80::3d3:b157:db3d:565d","DNS","257","Standard query response 0xb8da AAAA store-images.s-microsoft.com CNAME store-images.s-microsoft.com-c.edgekey.net CNAME e12564.dspb.akamaiedge.net AAAA 2600:1417:53:186::3114 AAAA 2600:1417:53:18d::3114"
"44426","506.251791400","fe80::3d3:b157:db3d:565d","fe80::e36:23ff:fec4:7760","DNS","99","Standard query 0x3a31 HTTPS main.vscode-cdn.net"
"44427","506.252124000","fe80::3d3:b157:db3d:565d","fe80::e36:23ff:fec4:7760","DNS","99","Standard query 0x26e6 AAAA main.vscode-cdn.net"
"44428","506.252432200","fe80::3d3:b157:db3d:565d","fe80::e36:23ff:fec4:7760","DNS","99","Standard query 0x4c68 A main.vscode-cdn.net"
"44429","506.263850100","fe80::e36:23ff:fec4:7760","fe80::3d3:b157:db3d:565d","DNS","268","Standard query response 0x4c68 A main.vscode-cdn.net CNAME vscode-cdn.z01.azurefd.net CNAME mr-z01.tm-azurefd.net CNAME shed.dual-low.part-0044.t-0009.t-msedge.net CNAME part-0044.t-0009.t-msedge.net A 13.107.246.72 A 13.107.213.72"
"44430","506.263850100","fe80::e36:23ff:fec4:7760","fe80::3d3:b157:db3d:565d","DNS","296","Standard query response 0x3a31 HTTPS main.vscode-cdn.net CNAME vscode-cdn.z01.azurefd.net CNAME mr-z01.tm-azurefd.net CNAME shed.dual-low.part-0044.t-0009.t-msedge.net CNAME part-0044.t-0009.t-msedge.net SOA ns1.t-msedge.net"
"44431","506.266446500","fe80::e36:23ff:fec4:7760","fe80::3d3:b157:db3d:565d","DNS","292","Standard query response 0x26e6 AAAA main.vscode-cdn.net CNAME vscode-cdn.z01.azurefd.net CNAME mr-z01.tm-azurefd.net CNAME shed.dual-low.part-0044.t-0009.t-msedge.net CNAME part-0044.t-0009.t-msedge.net AAAA 2620:1ec:bdf::72 AAAA 2620:1ec:46::72"
"44463","506.476559100","fe80::3d3:b157:db3d:565d","fe80::e36:23ff:fec4:7760","DNS","99","Standard query 0x96ba HTTPS default.exp-tas.com"
"44464","506.476876200","fe80::3d3:b157:db3d:565d","fe80::e36:23ff:fec4:7760","DNS","99","Standard query 0xe712 AAAA default.exp-tas.com"
"44465","506.477151600","fe80::3d3:b157:db3d:565d","fe80::e36:23ff:fec4:7760","DNS","99","Standard query 0x9bcd A default.exp-tas.com"
"44466","506.489559500","fe80::e36:23ff:fec4:7760","fe80::3d3:b157:db3d:565d","DNS","222","Standard query response 0x96ba HTTPS default.exp-tas.com CNAME deault-exp-tas-com.e-0014.e-msedge.net CNAME e-0014.e-msedge.net SOA ns1.e-msedge.net"
"44467","506.489559500","fe80::e36:23ff:fec4:7760","fe80::3d3:b157:db3d:565d","DNS","222","Standard query response 0xe712 AAAA default.exp-tas.com CNAME deault-exp-tas-com.e-0014.e-msedge.net CNAME e-0014.e-msedge.net SOA ns1.e-msedge.net"
"44468","506.489559500","fe80::e36:23ff:fec4:7760","fe80::3d3:b157:db3d:565d","DNS","181","Standard query response 0x9bcd A default.exp-tas.com CNAME deault-exp-tas-com.e-0014.e-msedge.net CNAME e-0014.e-msedge.net A 13.107.5.93"
"44470","506.498916800","fe80::3d3:b157:db3d:565d","fe80::e36:23ff:fec4:7760","DNS","99","Standard query 0xeb19 HTTPS ev2-ring.msedge.net"
"44471","506.499259400","fe80::3d3:b157:db3d:565d","fe80::e36:23ff:fec4:7760","DNS","99","Standard query 0x8c57 AAAA ev2-ring.msedge.net"
"44472","506.499610100","fe80::3d3:b157:db3d:565d","fe80::e36:23ff:fec4:7760","DNS","99","Standard query 0x9993 A ev2-ring.msedge.net"
"44473","506.512984200","fe80::e36:23ff:fec4:7760","fe80::3d3:b157:db3d:565d","DNS","212","Standard query response 0x8c57 AAAA ev2-ring.msedge.net CNAME Ev2-ring.Ev2-9999.Ev2-msedge.net CNAME Ev2-9999.Ev2-msedge.net AAAA 2603:1061:e::254 AAAA 2603:1061:e:1::254"
"44474","506.512984200","fe80::e36:23ff:fec4:7760","fe80::3d3:b157:db3d:565d","DNS","188","Standard query response 0x9993 A ev2-ring.msedge.net CNAME Ev2-ring.Ev2-9999.Ev2-msedge.net CNAME Ev2-9999.Ev2-msedge.net A 150.171.31.254 A 150.171.64.254"
"44480","506.528749400","fe80::e36:23ff:fec4:7760","fe80::3d3:b157:db3d:565d","DNS","216","Standard query response 0xeb19 HTTPS ev2-ring.msedge.net CNAME Ev2-ring.Ev2-9999.Ev2-msedge.net CNAME Ev2-9999.Ev2-msedge.net SOA ns1.Ev2-msedge.net"
"44537","506.656825400","fe80::3d3:b157:db3d:565d","fe80::e36:23ff:fec4:7760","DNS","109","Standard query 0x4e29 HTTPS t-ring-fallback-s2.msedge.net"
"44538","506.657130400","fe80::3d3:b157:db3d:565d","fe80::e36:23ff:fec4:7760","DNS","109","Standard query 0x2d2e AAAA t-ring-fallback-s2.msedge.net"
"44539","506.657381400","fe80::3d3:b157:db3d:565d","fe80::e36:23ff:fec4:7760","DNS","109","Standard query 0xfddc A t-ring-fallback-s2.msedge.net"
"44541","506.672157400","fe80::e36:23ff:fec4:7760","fe80::3d3:b157:db3d:565d","DNS","231","Standard query response 0x4e29 HTTPS t-ring-fallback-s2.msedge.net CNAME t-ring.s-part2-t-9999.fb-t-msedge.net CNAME s-part2-t-9999.fb-t-msedge.net SOA ns1.fb-t-msedge.net"
"44542","506.673059800","fe80::e36:23ff:fec4:7760","fe80::3d3:b157:db3d:565d","DNS","187","Standard query response 0xfddc A t-ring-fallback-s2.msedge.net CNAME t-ring.s-part2-t-9999.fb-t-msedge.net CNAME s-part2-t-9999.fb-t-msedge.net A 13.107.226.254"
"44543","506.673059800","fe80::e36:23ff:fec4:7760","fe80::3d3:b157:db3d:565d","DNS","199","Standard query response 0x2d2e AAAA t-ring-fallback-s2.msedge.net CNAME t-ring.s-part2-t-9999.fb-t-msedge.net CNAME s-part2-t-9999.fb-t-msedge.net AAAA 2620:1ec:48:1::254"
"44567","506.815970200","fe80::3d3:b157:db3d:565d","fe80::e36:23ff:fec4:7760","DNS","104","Standard query 0x8989 HTTPS afdxtest.z01.azurefd.net"
"44568","506.816317200","fe80::3d3:b157:db3d:565d","fe80::e36:23ff:fec4:7760","DNS","104","Standard query 0x2e8e AAAA afdxtest.z01.azurefd.net"
"44569","506.816569300","fe80::3d3:b157:db3d:565d","fe80::e36:23ff:fec4:7760","DNS","104","Standard query 0x9af0 A afdxtest.z01.azurefd.net"
"44570","506.829437100","fe80::e36:23ff:fec4:7760","fe80::3d3:b157:db3d:565d","DNS","285","Standard query response 0x8989 HTTPS afdxtest.z01.azurefd.net CNAME azurefd-critical-t-prod.trafficmanager.net CNAME shed.dual-low.part-0044.t-0009.t-msedge.net CNAME part-0044.t-0009.t-msedge.net SOA ns1.t-msedge.net"
"44571","506.829437100","fe80::e36:23ff:fec4:7760","fe80::3d3:b157:db3d:565d","DNS","281","Standard query response 0x2e8e AAAA afdxtest.z01.azurefd.net CNAME azurefd-critical-t-prod.trafficmanager.net CNAME shed.dual-low.part-0044.t-0009.t-msedge.net CNAME part-0044.t-0009.t-msedge.net AAAA 2620:1ec:bdf::72 AAAA 2620:1ec:46::72"
"44572","506.830936500","fe80::e36:23ff:fec4:7760","fe80::3d3:b157:db3d:565d","DNS","257","Standard query response 0x9af0 A afdxtest.z01.azurefd.net CNAME azurefd-critical-t-prod.trafficmanager.net CNAME shed.dual-low.part-0044.t-0009.t-msedge.net CNAME part-0044.t-0009.t-msedge.net A 13.107.246.72 A 13.107.213.72"
"44614","506.978112500","fe80::3d3:b157:db3d:565d","fe80::e36:23ff:fec4:7760","DNS","93","Standard query 0x1e2d HTTPS fp.msedge.net"
"44616","506.978435600","fe80::3d3:b157:db3d:565d","fe80::e36:23ff:fec4:7760","DNS","93","Standard query 0x4d1f AAAA fp.msedge.net"
"44617","506.978689500","fe80::3d3:b157:db3d:565d","fe80::e36:23ff:fec4:7760","DNS","93","Standard query 0x86eb A fp.msedge.net"
"44618","506.991781100","fe80::e36:23ff:fec4:7760","fe80::3d3:b157:db3d:565d","DNS","174","Standard query response 0x1e2d HTTPS fp.msedge.net CNAME 1.perf.msedge.net SOA ns1.msedge.net"
"44619","506.991781100","fe80::e36:23ff:fec4:7760","fe80::3d3:b157:db3d:565d","DNS","269","Standard query response 0x4d1f AAAA fp.msedge.net CNAME 1.perf.msedge.net CNAME a-0019.a-msedge.net CNAME a-0019.a.dns.azurefd.net CNAME a-0019.standard.a-msedge.net SOA ns1.a-msedge.net"
"44620","506.994478400","fe80::e36:23ff:fec4:7760","fe80::3d3:b157:db3d:565d","DNS","225","Standard query response 0x86eb A fp.msedge.net CNAME 1.perf.msedge.net CNAME a-0019.a-msedge.net CNAME a-0019.a.dns.azurefd.net CNAME a-0019.standard.a-msedge.net A 204.79.197.222"
"44633","507.079193900","fe80::3d3:b157:db3d:565d","fe80::e36:23ff:fec4:7760","DNS","108","Standard query 0x5651 HTTPS update.code.visualstudio.com"
"44634","507.079948300","fe80::3d3:b157:db3d:565d","fe80::e36:23ff:fec4:7760","DNS","108","Standard query 0xb581 AAAA update.code.visualstudio.com"
"44635","507.080236300","fe80::3d3:b157:db3d:565d","fe80::e36:23ff:fec4:7760","DNS","108","Standard query 0xc4d6 A update.code.visualstudio.com"
"44645","507.093995700","fe80::e36:23ff:fec4:7760","fe80::3d3:b157:db3d:565d","DNS","325","Standard query response 0x5651 HTTPS update.code.visualstudio.com CNAME vscode-update-g6gcb6ggdthkctd9.z01.azurefd.net CNAME mr-z01.tm-azurefd.net CNAME shed.dual-low.part-0044.t-0009.t-msedge.net CNAME part-0044.t-0009.t-msedge.net SOA ns1.t-msedge.net"
"44646","507.095387000","fe80::e36:23ff:fec4:7760","fe80::3d3:b157:db3d:565d","DNS","324","Standard query response 0xb581 AAAA update.code.visualstudio.com CNAME vscode-update-g6gcb6ggdthkctd9.z01.azurefd.net CNAME mr-z01.tm-azurefd.net CNAME shed.dual-low.part-0044.t-0009.t-msedge.net CNAME part-0044.t-0009.t-msedge.net AAAA 2620:1ec:bdf::72 AAAA 2620:1ec:46::72"
"44647","507.095387000","fe80::e36:23ff:fec4:7760","fe80::3d3:b157:db3d:565d","DNS","300","Standard query response 0xc4d6 A update.code.visualstudio.com CNAME vscode-update-g6gcb6ggdthkctd9.z01.azurefd.net CNAME mr-z01.tm-azurefd.net CNAME shed.dual-low.part-0044.t-0009.t-msedge.net CNAME part-0044.t-0009.t-msedge.net A 13.107.246.72 A 13.107.213.72"
"44687","507.290133100","fe80::3d3:b157:db3d:565d","fe80::e36:23ff:fec4:7760","DNS","99","Standard query 0x6176 HTTPS main.vscode-cdn.net"
"44688","507.290494000","fe80::3d3:b157:db3d:565d","fe80::e36:23ff:fec4:7760","DNS","99","Standard query 0xb272 AAAA main.vscode-cdn.net"
"44689","507.290761700","fe80::3d3:b157:db3d:565d","fe80::e36:23ff:fec4:7760","DNS","99","Standard query 0xa554 A main.vscode-cdn.net"
"44690","507.300920900","fe80::e36:23ff:fec4:7760","fe80::3d3:b157:db3d:565d","DNS","292","Standard query response 0xb272 AAAA main.vscode-cdn.net CNAME vscode-cdn.z01.azurefd.net CNAME mr-z01.tm-azurefd.net CNAME shed.dual-low.part-0044.t-0009.t-msedge.net CNAME part-0044.t-0009.t-msedge.net AAAA 2620:1ec:bdf::72 AAAA 2620:1ec:46::72"
"44691","507.303215500","fe80::e36:23ff:fec4:7760","fe80::3d3:b157:db3d:565d","DNS","296","Standard query response 0x6176 HTTPS main.vscode-cdn.net CNAME vscode-cdn.z01.azurefd.net CNAME mr-z01.tm-azurefd.net CNAME shed.dual-low.part-0044.t-0009.t-msedge.net CNAME part-0044.t-0009.t-msedge.net SOA ns1.t-msedge.net"
"44692","507.308171400","fe80::e36:23ff:fec4:7760","fe80::3d3:b157:db3d:565d","DNS","268","Standard query response 0xa554 A main.vscode-cdn.net CNAME vscode-cdn.z01.azurefd.net CNAME mr-z01.tm-azurefd.net CNAME shed.dual-low.part-0044.t-0009.t-msedge.net CNAME part-0044.t-0009.t-msedge.net A 13.107.246.72 A 13.107.213.72"
"44809","508.964430000","fe80::3d3:b157:db3d:565d","fe80::e36:23ff:fec4:7760","DNS","108","Standard query 0xaa63 HTTPS marketplace.visualstudio.com"
"44810","508.964750300","fe80::3d3:b157:db3d:565d","fe80::e36:23ff:fec4:7760","DNS","108","Standard query 0xf472 AAAA marketplace.visualstudio.com"
"44811","508.965022400","fe80::3d3:b157:db3d:565d","fe80::e36:23ff:fec4:7760","DNS","108","Standard query 0x9684 A marketplace.visualstudio.com"
"44812","508.977880700","fe80::e36:23ff:fec4:7760","fe80::3d3:b157:db3d:565d","DNS","259","Standard query response 0xf472 AAAA marketplace.visualstudio.com CNAME market-l0.trafficmanager.net CNAME market.bx-0007.bx-msedge.net CNAME bx-0007.bx-msedge.net AAAA 2603:1061:10::16 AAAA 2603:1061:10:1::16"
"44813","508.977880700","fe80::e36:23ff:fec4:7760","fe80::3d3:b157:db3d:565d","DNS","235","Standard query response 0x9684 A marketplace.visualstudio.com CNAME market-l0.trafficmanager.net CNAME market.bx-0007.bx-msedge.net CNAME bx-0007.bx-msedge.net A 150.171.73.16 A 150.171.74.16"
"44814","508.982148700","fe80::e36:23ff:fec4:7760","fe80::3d3:b157:db3d:565d","DNS","260","Standard query response 0xaa63 HTTPS marketplace.visualstudio.com CNAME market-l0.trafficmanager.net CNAME market.bx-0007.bx-msedge.net CNAME bx-0007.bx-msedge.net SOA ns1.bx-msedge.net"
"44944","509.756136400","fe80::3d3:b157:db3d:565d","fe80::e36:23ff:fec4:7760","DNS","112","Standard query 0x21a3 HTTPS mobile.events.data.microsoft.com"
"44945","509.756299500","fe80::3d3:b157:db3d:565d","fe80::e36:23ff:fec4:7760","DNS","112","Standard query 0x40e6 AAAA mobile.events.data.microsoft.com"
"44946","509.756392600","fe80::3d3:b157:db3d:565d","fe80::e36:23ff:fec4:7760","DNS","112","Standard query 0xc3b9 A mobile.events.data.microsoft.com"
"44947","509.771841400","fe80::e36:23ff:fec4:7760","fe80::3d3:b157:db3d:565d","DNS","280","Standard query response 0x40e6 AAAA mobile.events.data.microsoft.com CNAME mobile.events.data.trafficmanager.net CNAME onedscolprdcus13.centralus.cloudapp.azure.com SOA ns1-201.azure-dns.com"
"44948","509.771841400","fe80::e36:23ff:fec4:7760","fe80::3d3:b157:db3d:565d","DNS","235","Standard query response 0xc3b9 A mobile.events.data.microsoft.com CNAME mobile.events.data.trafficmanager.net CNAME onedscolprdcus13.centralus.cloudapp.azure.com A 52.182.143.211"
"44949","509.771841400","fe80::e36:23ff:fec4:7760","fe80::3d3:b157:db3d:565d","DNS","280","Standard query response 0x21a3 HTTPS mobile.events.data.microsoft.com CNAME mobile.events.data.trafficmanager.net CNAME onedscolprdcus13.centralus.cloudapp.azure.com SOA ns1-201.azure-dns.com"
"44960","510.272424200","fe80::3d3:b157:db3d:565d","fe80::e36:23ff:fec4:7760","DNS","112","Standard query 0x7596 A mobile.events.data.microsoft.com"
"44961","510.272598500","fe80::3d3:b157:db3d:565d","fe80::e36:23ff:fec4:7760","DNS","112","Standard query 0x1c2b AAAA mobile.events.data.microsoft.com"
"44962","510.284432000","fe80::e36:23ff:fec4:7760","fe80::3d3:b157:db3d:565d","DNS","235","Standard query response 0x7596 A mobile.events.data.microsoft.com CNAME mobile.events.data.trafficmanager.net CNAME onedscolprdcus13.centralus.cloudapp.azure.com A 52.182.143.211"
"44963","510.286338900","fe80::e36:23ff:fec4:7760","fe80::3d3:b157:db3d:565d","DNS","280","Standard query response 0x1c2b AAAA mobile.events.data.microsoft.com CNAME mobile.events.data.trafficmanager.net CNAME onedscolprdcus13.centralus.cloudapp.azure.com SOA ns1-201.azure-dns.com"
"49012","536.899323800","fe80::3d3:b157:db3d:565d","fe80::e36:23ff:fec4:7760","DNS","112","Standard query 0xdc55 A mobile.events.data.microsoft.com"
"49013","536.899405200","fe80::3d3:b157:db3d:565d","fe80::e36:23ff:fec4:7760","DNS","112","Standard query 0x5d09 AAAA mobile.events.data.microsoft.com"
"49014","536.913722200","fe80::e36:23ff:fec4:7760","fe80::3d3:b157:db3d:565d","DNS","280","Standard query response 0x5d09 AAAA mobile.events.data.microsoft.com CNAME mobile.events.data.trafficmanager.net CNAME onedscolprdcus13.centralus.cloudapp.azure.com SOA ns1-201.azure-dns.com"
"49015","536.913722200","fe80::e36:23ff:fec4:7760","fe80::3d3:b157:db3d:565d","DNS","235","Standard query response 0xdc55 A mobile.events.data.microsoft.com CNAME mobile.events.data.trafficmanager.net CNAME onedscolprdcus13.centralus.cloudapp.azure.com A 52.182.143.211"
"49105","553.574104200","fe80::3d3:b157:db3d:565d","fe80::e36:23ff:fec4:7760","DNS","99","Standard query 0x43b2 A default.exp-tas.com"
"49106","553.574177000","fe80::3d3:b157:db3d:565d","fe80::e36:23ff:fec4:7760","DNS","99","Standard query 0x3280 AAAA default.exp-tas.com"
"49107","553.584614700","fe80::e36:23ff:fec4:7760","fe80::3d3:b157:db3d:565d","DNS","222","Standard query response 0x3280 AAAA default.exp-tas.com CNAME deault-exp-tas-com.e-0014.e-msedge.net CNAME e-0014.e-msedge.net SOA ns1.e-msedge.net"
"49108","553.585520700","fe80::e36:23ff:fec4:7760","fe80::3d3:b157:db3d:565d","DNS","181","Standard query response 0x43b2 A default.exp-tas.com CNAME deault-exp-tas-com.e-0014.e-msedge.net CNAME e-0014.e-msedge.net A 13.107.5.93"
"49233","555.555703100","fe80::3d3:b157:db3d:565d","fe80::e36:23ff:fec4:7760","DNS","112","Standard query 0x99fb A mobile.events.data.microsoft.com"
"49234","555.555825100","fe80::3d3:b157:db3d:565d","fe80::e36:23ff:fec4:7760","DNS","112","Standard query 0x8161 AAAA mobile.events.data.microsoft.com"
"49237","555.569421300","fe80::e36:23ff:fec4:7760","fe80::3d3:b157:db3d:565d","DNS","235","Standard query response 0x99fb A mobile.events.data.microsoft.com CNAME mobile.events.data.trafficmanager.net CNAME onedscolprdcus13.centralus.cloudapp.azure.com A 52.182.143.211"
"49238","555.569421300","fe80::e36:23ff:fec4:7760","fe80::3d3:b157:db3d:565d","DNS","280","Standard query response 0x8161 AAAA mobile.events.data.microsoft.com CNAME mobile.events.data.trafficmanager.net CNAME onedscolprdcus13.centralus.cloudapp.azure.com SOA ns1-201.azure-dns.com"
"49961","571.361516000","fe80::3d3:b157:db3d:565d","fe80::e36:23ff:fec4:7760","DNS","101","Standard query 0xcb60 HTTPS config.edge.skype.com"
"49962","571.361786400","fe80::3d3:b157:db3d:565d","fe80::e36:23ff:fec4:7760","DNS","101","Standard query 0x4488 AAAA config.edge.skype.com"
"49963","571.361994300","fe80::3d3:b157:db3d:565d","fe80::e36:23ff:fec4:7760","DNS","101","Standard query 0x8371 A config.edge.skype.com"
"49966","571.372440900","fe80::e36:23ff:fec4:7760","fe80::3d3:b157:db3d:565d","DNS","276","Standard query response 0x4488 AAAA config.edge.skype.com CNAME config.edge.skype.com.trafficmanager.net CNAME ln-0007.config.skype.com CNAME config-edge-skype.ln-0007.ln-msedge.net CNAME ln-0007.ln-msedge.net AAAA 2620:1ec:50::17"
"49967","571.372440900","fe80::e36:23ff:fec4:7760","fe80::3d3:b157:db3d:565d","DNS","264","Standard query response 0x8371 A config.edge.skype.com CNAME config.edge.skype.com.trafficmanager.net CNAME ln-0007.config.skype.com CNAME config-edge-skype.ln-0007.ln-msedge.net CNAME ln-0007.ln-msedge.net A 150.171.22.17"
"49968","571.374078700","fe80::e36:23ff:fec4:7760","fe80::3d3:b157:db3d:565d","DNS","305","Standard query response 0xcb60 HTTPS config.edge.skype.com CNAME config.edge.skype.com.trafficmanager.net CNAME ln-0007.config.skype.com CNAME config-edge-skype.ln-0007.ln-msedge.net CNAME ln-0007.ln-msedge.net SOA ns1.ln-msedge.net"
"49970","571.383996900","fe80::3d3:b157:db3d:565d","fe80::e36:23ff:fec4:7760","DNS","91","Standard query 0x3d37 HTTPS chatgpt.com"
"49971","571.384483700","fe80::3d3:b157:db3d:565d","fe80::e36:23ff:fec4:7760","DNS","91","Standard query 0xd9c9 AAAA chatgpt.com"
"49972","571.384759100","fe80::3d3:b157:db3d:565d","fe80::e36:23ff:fec4:7760","DNS","91","Standard query 0x9d62 A chatgpt.com"
"49975","571.396610000","fe80::3d3:b157:db3d:565d","fe80::e36:23ff:fec4:7760","DNS","91","Standard query 0x9ed6 AAAA chatgpt.com"
"49976","571.396859600","fe80::3d3:b157:db3d:565d","fe80::e36:23ff:fec4:7760","DNS","91","Standard query 0x9a94 A chatgpt.com"
"49979","571.397981600","fe80::e36:23ff:fec4:7760","fe80::3d3:b157:db3d:565d","DNS","152","Standard query response 0x3d37 HTTPS chatgpt.com SOA hassan.ns.cloudflare.com"
"49980","571.398577700","fe80::e36:23ff:fec4:7760","fe80::3d3:b157:db3d:565d","DNS","119","Standard query response 0xd9c9 AAAA chatgpt.com AAAA 2606:4700:83b2:7cbc:c2a5:4d0:5ff2:75c4"
"49981","571.400397100","fe80::e36:23ff:fec4:7760","fe80::3d3:b157:db3d:565d","DNS","123","Standard query response 0x9d62 A chatgpt.com A 104.18.32.47 A 172.64.155.209"
"49982","571.412058200","fe80::e36:23ff:fec4:7760","fe80::3d3:b157:db3d:565d","DNS","119","Standard query response 0x9ed6 AAAA chatgpt.com AAAA 2606:4700:83b2:7cbc:c2a5:4d0:5ff2:75c4"
"49983","571.412058200","fe80::e36:23ff:fec4:7760","fe80::3d3:b157:db3d:565d","DNS","123","Standard query response 0x9a94 A chatgpt.com A 104.18.32.47 A 172.64.155.209"
"49995","571.430166200","fe80::3d3:b157:db3d:565d","fe80::e36:23ff:fec4:7760","DNS","92","Standard query 0x01d1 HTTPS www.bing.com"
"49996","571.430465500","fe80::3d3:b157:db3d:565d","fe80::e36:23ff:fec4:7760","DNS","92","Standard query 0x8857 AAAA www.bing.com"
"49997","571.430735600","fe80::3d3:b157:db3d:565d","fe80::e36:23ff:fec4:7760","DNS","92","Standard query 0x262c A www.bing.com"
"50007","571.441237200","fe80::e36:23ff:fec4:7760","fe80::3d3:b157:db3d:565d","DNS","274","Standard query response 0x01d1 HTTPS www.bing.com CNAME www-www.bing.com.trafficmanager.net CNAME www.bing.com.edgekey.net CNAME e86303.dscx.akamaiedge.net SOA n0dscx.akamaiedge.net"
"50009","571.442298200","fe80::e36:23ff:fec4:7760","fe80::3d3:b157:db3d:565d","DNS","357","Standard query response 0x262c A www.bing.com CNAME www-www.bing.com.trafficmanager.net CNAME www.bing.com.edgekey.net CNAME e86303.dscx.akamaiedge.net A 23.215.215.243 A 23.215.215.227 A 23.215.215.224 A 23.215.215.248 A 23.215.215.226 A 23.215.215.233 A 23.215.215.234 A 23.215.215.219 A 23.215.215.241"
"50010","571.443909000","fe80::e36:23ff:fec4:7760","fe80::3d3:b157:db3d:565d","DNS","353","Standard query response 0x8857 AAAA www.bing.com CNAME www-www.bing.com.trafficmanager.net CNAME www.bing.com.edgekey.net CNAME e86303.dscx.akamaiedge.net AAAA 2600:140f:9800::17c8:eef8 AAAA 2600:140f:9800::17d7:d7c8 AAAA 2600:140f:9800::17d7:d7c3 AAAA 2600:140f:9800::17d7:d7d1 AAAA 2600:140f:9800::17d7:d7c9"
"50301","571.740310700","fe80::3d3:b157:db3d:565d","fe80::e36:23ff:fec4:7760","DNS","94","Standard query 0x7644 A login.live.com"
"50302","571.740469100","fe80::3d3:b157:db3d:565d","fe80::e36:23ff:fec4:7760","DNS","94","Standard query 0x026f AAAA login.live.com"
"50320","571.758886600","fe80::e36:23ff:fec4:7760","fe80::3d3:b157:db3d:565d","DNS","379","Standard query response 0x7644 A login.live.com CNAME login.msa.msidentity.com CNAME www.tm.lg.prod.aadmsa.akadns.net CNAME prdv4a.aadg.msidentity.com CNAME www.tm.v4.a.prd.aadg.trafficmanager.net A 20.190.146.33 A 20.190.146.34 A 20.190.146.38 A 20.190.146.35 A 40.126.18.33 A 20.190.146.32 A 20.190.146.36 A 40.126.18.32"
"50321","571.758886600","fe80::e36:23ff:fec4:7760","fe80::3d3:b157:db3d:565d","DNS","309","Standard query response 0x026f AAAA login.live.com CNAME login.msa.msidentity.com CNAME www.tm.lg.prod.aadmsa.akadns.net CNAME prdv4a.aadg.msidentity.com CNAME www.tm.v4.a.prd.aadg.trafficmanager.net SOA tm1.dns-tm.com"
"50362","572.029732800","fe80::3d3:b157:db3d:565d","fe80::e36:23ff:fec4:7760","DNS","94","Standard query 0xd85f HTTPS ab.chatgpt.com"
"50363","572.030083200","fe80::3d3:b157:db3d:565d","fe80::e36:23ff:fec4:7760","DNS","94","Standard query 0x5116 AAAA ab.chatgpt.com"
"50364","572.030328200","fe80::3d3:b157:db3d:565d","fe80::e36:23ff:fec4:7760","DNS","94","Standard query 0x9b49 A ab.chatgpt.com"
"50366","572.040999600","fe80::e36:23ff:fec4:7760","fe80::3d3:b157:db3d:565d","DNS","155","Standard query response 0xd85f HTTPS ab.chatgpt.com SOA hassan.ns.cloudflare.com"
"50367","572.040999600","fe80::e36:23ff:fec4:7760","fe80::3d3:b157:db3d:565d","DNS","122","Standard query response 0x5116 AAAA ab.chatgpt.com AAAA 2606:4700:83b2:7cbc:c242:348:5ff2:75c4"
"50368","572.041854600","fe80::e36:23ff:fec4:7760","fe80::3d3:b157:db3d:565d","DNS","126","Standard query response 0x9b49 A ab.chatgpt.com A 172.64.155.209 A 104.18.32.47"
"51298","572.800656100","fe80::3d3:b157:db3d:565d","fe80::e36:23ff:fec4:7760","DNS","149","Standard query 0x55a7 HTTPS aks-prod-southeastasia.access-point.cloudmessaging.edge.microsoft.com"
"51299","572.800777800","fe80::3d3:b157:db3d:565d","fe80::e36:23ff:fec4:7760","DNS","149","Standard query 0xac1c AAAA aks-prod-southeastasia.access-point.cloudmessaging.edge.microsoft.com"
"51300","572.800851600","fe80::3d3:b157:db3d:565d","fe80::e36:23ff:fec4:7760","DNS","149","Standard query 0x7adb A aks-prod-southeastasia.access-point.cloudmessaging.edge.microsoft.com"
"51304","572.801412700","fe80::3d3:b157:db3d:565d","fe80::e36:23ff:fec4:7760","DNS","98","Standard query 0x985a HTTPS edge.microsoft.com"
"51305","572.801636800","fe80::3d3:b157:db3d:565d","fe80::e36:23ff:fec4:7760","DNS","98","Standard query 0x55f3 AAAA edge.microsoft.com"
"51306","572.801815600","fe80::3d3:b157:db3d:565d","fe80::e36:23ff:fec4:7760","DNS","98","Standard query 0x3e55 A edge.microsoft.com"
"51309","572.810836100","fe80::e36:23ff:fec4:7760","fe80::3d3:b157:db3d:565d","DNS","298","Standard query response 0x55a7 HTTPS aks-prod-southeastasia.access-point.cloudmessaging.edge.microsoft.com CNAME edge-cloudmessaging-access-point-aks-prod-sea.southeastasia.cloudapp.azure.com SOA ns1-01.azure-dns.com"
"51310","572.814774600","fe80::e36:23ff:fec4:7760","fe80::3d3:b157:db3d:565d","DNS","298","Standard query response 0xac1c AAAA aks-prod-southeastasia.access-point.cloudmessaging.edge.microsoft.com CNAME edge-cloudmessaging-access-point-aks-prod-sea.southeastasia.cloudapp.azure.com SOA ns1-01.azure-dns.com"
"51311","572.817156300","fe80::e36:23ff:fec4:7760","fe80::3d3:b157:db3d:565d","DNS","254","Standard query response 0x7adb A aks-prod-southeastasia.access-point.cloudmessaging.edge.microsoft.com CNAME edge-cloudmessaging-access-point-aks-prod-sea.southeastasia.cloudapp.azure.com A 172.188.155.25"
"51312","572.817156300","fe80::e36:23ff:fec4:7760","fe80::3d3:b157:db3d:565d","DNS","213","Standard query response 0x985a HTTPS edge.microsoft.com CNAME edge-microsoft-com.ax-0002.ax-msedge.net CNAME ax-0002.ax-msedge.net SOA ns1.ax-msedge.net"
"51313","572.817156300","fe80::e36:23ff:fec4:7760","fe80::3d3:b157:db3d:565d","DNS","222","Standard query response 0x55f3 AAAA edge.microsoft.com CNAME edge-microsoft-com.ax-0002.ax-msedge.net CNAME ax-0002.ax-msedge.net AAAA 2620:1ec:33::11 AAAA 2620:1ec:33:1::11"
"51316","572.819385000","fe80::e36:23ff:fec4:7760","fe80::3d3:b157:db3d:565d","DNS","198","Standard query response 0x3e55 A edge.microsoft.com CNAME edge-microsoft-com.ax-0002.ax-msedge.net CNAME ax-0002.ax-msedge.net A 150.171.27.11 A 150.171.28.11"
"51543","572.932481900","fe80::3d3:b157:db3d:565d","fe80::e36:23ff:fec4:7760","DNS","112","Standard query 0x3cca HTTPS mobile.events.data.microsoft.com"
"51544","572.933528500","fe80::3d3:b157:db3d:565d","fe80::e36:23ff:fec4:7760","DNS","112","Standard query 0xe975 AAAA mobile.events.data.microsoft.com"
"51545","572.933885700","fe80::3d3:b157:db3d:565d","fe80::e36:23ff:fec4:7760","DNS","112","Standard query 0x188d A mobile.events.data.microsoft.com"
"51580","572.946004000","fe80::e36:23ff:fec4:7760","fe80::3d3:b157:db3d:565d","DNS","276","Standard query response 0x3cca HTTPS mobile.events.data.microsoft.com CNAME mobile.events.data.trafficmanager.net CNAME onedscolprdwus02.westus.cloudapp.azure.com SOA ns1-02.azure-dns.com"
"51581","572.948031700","fe80::e36:23ff:fec4:7760","fe80::3d3:b157:db3d:565d","DNS","232","Standard query response 0x188d A mobile.events.data.microsoft.com CNAME mobile.events.data.trafficmanager.net CNAME onedscolprdwus02.westus.cloudapp.azure.com A 20.189.173.3"
"51582","572.948031700","fe80::e36:23ff:fec4:7760","fe80::3d3:b157:db3d:565d","DNS","276","Standard query response 0xe975 AAAA mobile.events.data.microsoft.com CNAME mobile.events.data.trafficmanager.net CNAME onedscolprdwus02.westus.cloudapp.azure.com SOA ns1-02.azure-dns.com"
"52194","574.097557400","fe80::3d3:b157:db3d:565d","fe80::e36:23ff:fec4:7760","DNS","94","Standard query 0xc633 HTTPS ws.chatgpt.com"
"52195","574.097778800","fe80::3d3:b157:db3d:565d","fe80::e36:23ff:fec4:7760","DNS","94","Standard query 0x1edb AAAA ws.chatgpt.com"
"52196","574.097985500","fe80::3d3:b157:db3d:565d","fe80::e36:23ff:fec4:7760","DNS","94","Standard query 0x23a7 A ws.chatgpt.com"
"52198","574.107955100","fe80::e36:23ff:fec4:7760","fe80::3d3:b157:db3d:565d","DNS","126","Standard query response 0x23a7 A ws.chatgpt.com A 104.18.39.21 A 172.64.148.235"
"52199","574.109722900","fe80::e36:23ff:fec4:7760","fe80::3d3:b157:db3d:565d","DNS","139","Standard query response 0xc633 HTTPS ws.chatgpt.com HTTPS"
"52200","574.109722900","fe80::e36:23ff:fec4:7760","fe80::3d3:b157:db3d:565d","DNS","122","Standard query response 0x1edb AAAA ws.chatgpt.com AAAA 2606:4700:83b1:d8b7:9a42:348:ccf5:ac50"
"52280","574.470400300","fe80::3d3:b157:db3d:565d","fe80::e36:23ff:fec4:7760","DNS","99","Standard query 0x2278 HTTPS graph.microsoft.com"
"52281","574.470545200","fe80::3d3:b157:db3d:565d","fe80::e36:23ff:fec4:7760","DNS","99","Standard query 0x3adf AAAA graph.microsoft.com"
"52282","574.470620000","fe80::3d3:b157:db3d:565d","fe80::e36:23ff:fec4:7760","DNS","99","Standard query 0x9062 A graph.microsoft.com"
"52283","574.481654400","fe80::e36:23ff:fec4:7760","fe80::3d3:b157:db3d:565d","DNS","245","Standard query response 0x2278 HTTPS graph.microsoft.com CNAME ags.privatelink.msidentity.com CNAME www.tm.prd.ags.trafficmanager.net SOA tm1.dns-tm.com"
"52284","574.481654400","fe80::e36:23ff:fec4:7760","fe80::3d3:b157:db3d:565d","DNS","271","Standard query response 0x3adf AAAA graph.microsoft.com CNAME ags.privatelink.msidentity.com CNAME www.tm.prd.ags.trafficmanager.net AAAA 2603:1046:2000:60::83 AAAA 2603:1046:2000:60::84 AAAA 2603:1046:2000:60::80"
"52285","574.485960300","fe80::e36:23ff:fec4:7760","fe80::3d3:b157:db3d:565d","DNS","235","Standard query response 0x9062 A graph.microsoft.com CNAME ags.privatelink.msidentity.com CNAME www.tm.prd.ags.trafficmanager.net A 20.190.175.24 A 20.190.175.88 A 20.190.175.152"
"53764","597.202226700","fe80::3d3:b157:db3d:565d","fe80::e36:23ff:fec4:7760","DNS","112","Standard query 0x80e0 A mobile.events.data.microsoft.com"
"53765","597.202292800","fe80::3d3:b157:db3d:565d","fe80::e36:23ff:fec4:7760","DNS","112","Standard query 0xba0d AAAA mobile.events.data.microsoft.com"
"53767","597.230935400","fe80::e36:23ff:fec4:7760","fe80::3d3:b157:db3d:565d","DNS","276","Standard query response 0xba0d AAAA mobile.events.data.microsoft.com CNAME mobile.events.data.trafficmanager.net CNAME onedscolprdwus02.westus.cloudapp.azure.com SOA ns1-02.azure-dns.com"
"53768","597.231571400","fe80::e36:23ff:fec4:7760","fe80::3d3:b157:db3d:565d","DNS","232","Standard query response 0x80e0 A mobile.events.data.microsoft.com CNAME mobile.events.data.trafficmanager.net CNAME onedscolprdwus02.westus.cloudapp.azure.com A 20.189.173.3"
"53933","602.709014400","fe80::3d3:b157:db3d:565d","fe80::e36:23ff:fec4:7760","DNS","112","Standard query 0xd554 A mobile.events.data.microsoft.com"
"53934","602.709170000","fe80::3d3:b157:db3d:565d","fe80::e36:23ff:fec4:7760","DNS","112","Standard query 0x39de AAAA mobile.events.data.microsoft.com"
"53935","602.722119900","fe80::e36:23ff:fec4:7760","fe80::3d3:b157:db3d:565d","DNS","232","Standard query response 0xd554 A mobile.events.data.microsoft.com CNAME mobile.events.data.trafficmanager.net CNAME onedscolprdwus02.westus.cloudapp.azure.com A 20.189.173.3"
"53936","602.723039400","fe80::e36:23ff:fec4:7760","fe80::3d3:b157:db3d:565d","DNS","276","Standard query response 0x39de AAAA mobile.events.data.microsoft.com CNAME mobile.events.data.trafficmanager.net CNAME onedscolprdwus02.westus.cloudapp.azure.com SOA ns1-02.azure-dns.com"
"54058","616.836127300","fe80::3d3:b157:db3d:565d","fe80::e36:23ff:fec4:7760","DNS","94","Standard query 0xe699 A ecs.office.com"
"54059","616.836186400","fe80::3d3:b157:db3d:565d","fe80::e36:23ff:fec4:7760","DNS","94","Standard query 0x58f7 AAAA ecs.office.com"
"54060","616.849014600","fe80::e36:23ff:fec4:7760","fe80::3d3:b157:db3d:565d","DNS","299","Standard query response 0x58f7 AAAA ecs.office.com CNAME ecs.office.trafficmanager.net CNAME dual-s-0005-office.config.skype.com CNAME ecs-office.s-0005.dual-s-msedge.net CNAME s-0005.dual-s-msedge.net AAAA 2603:1063:27:1::14 AAAA 2603:1063:27:2::14"
"54061","616.850515400","fe80::e36:23ff:fec4:7760","fe80::3d3:b157:db3d:565d","DNS","275","Standard query response 0xe699 A ecs.office.com CNAME ecs.office.trafficmanager.net CNAME dual-s-0005-office.config.skype.com CNAME ecs-office.s-0005.dual-s-msedge.net CNAME s-0005.dual-s-msedge.net A 52.123.128.14 A 52.123.129.14"
"54084","617.003897700","fe80::3d3:b157:db3d:565d","fe80::e36:23ff:fec4:7760","DNS","112","Standard query 0xa1a9 A mobile.events.data.microsoft.com"
"54085","617.003955500","fe80::3d3:b157:db3d:565d","fe80::e36:23ff:fec4:7760","DNS","112","Standard query 0x32d9 AAAA mobile.events.data.microsoft.com"
"54089","617.014341800","fe80::e36:23ff:fec4:7760","fe80::3d3:b157:db3d:565d","DNS","232","Standard query response 0xa1a9 A mobile.events.data.microsoft.com CNAME mobile.events.data.trafficmanager.net CNAME onedscolprdwus02.westus.cloudapp.azure.com A 20.189.173.3"
"54090","617.016139100","fe80::e36:23ff:fec4:7760","fe80::3d3:b157:db3d:565d","DNS","276","Standard query response 0x32d9 AAAA mobile.events.data.microsoft.com CNAME mobile.events.data.trafficmanager.net CNAME onedscolprdwus02.westus.cloudapp.azure.com SOA ns1-02.azure-dns.com"
"54152","618.370566300","fe80::3d3:b157:db3d:565d","fe80::e36:23ff:fec4:7760","DNS","112","Standard query 0x5955 A mrodevicemgr.officeapps.live.com"
"54153","618.370626300","fe80::3d3:b157:db3d:565d","fe80::e36:23ff:fec4:7760","DNS","112","Standard query 0xc34c AAAA mrodevicemgr.officeapps.live.com"
"54187","618.392913800","fe80::e36:23ff:fec4:7760","fe80::3d3:b157:db3d:565d","DNS","337","Standard query response 0xc34c AAAA mrodevicemgr.officeapps.live.com CNAME mrodevicemgr-prod-defaultgeo.trafficmanager.net CNAME atm.office.mira.tm.svc.cloud.microsoft AAAA 2603:1063:2001:190f::365:ff1 AAAA 2603:1063:2001:1944::365:ff1 AAAA 2603:1063:2001:190e::365:ff1 AAAA 2603:1063:2001:193d::365:ff1"
"54188","618.392913800","fe80::e36:23ff:fec4:7760","fe80::3d3:b157:db3d:565d","DNS","289","Standard query response 0x5955 A mrodevicemgr.officeapps.live.com CNAME mrodevicemgr-prod-defaultgeo.trafficmanager.net CNAME atm.office.mira.tm.svc.cloud.microsoft A 52.110.21.103 A 52.110.14.183 A 52.110.14.139 A 52.110.14.130"
"54346","619.187979800","fe80::3d3:b157:db3d:565d","fe80::e36:23ff:fec4:7760","DNS","95","Standard query 0xd9d4 HTTPS doh.opendns.com"
"54347","619.188391300","fe80::3d3:b157:db3d:565d","fe80::e36:23ff:fec4:7760","DNS","95","Standard query 0x43c3 AAAA doh.opendns.com"
"54348","619.188718900","fe80::3d3:b157:db3d:565d","fe80::e36:23ff:fec4:7760","DNS","95","Standard query 0x2b46 A doh.opendns.com"
"54349","619.201415800","fe80::e36:23ff:fec4:7760","fe80::3d3:b157:db3d:565d","DNS","141","Standard query response 0xd9d4 HTTPS doh.opendns.com SOA auth1.opendns.com"
"54350","619.201415800","fe80::e36:23ff:fec4:7760","fe80::3d3:b157:db3d:565d","DNS","111","Standard query response 0x2b46 A doh.opendns.com A 146.112.41.2"
"54351","619.202929200","fe80::e36:23ff:fec4:7760","fe80::3d3:b157:db3d:565d","DNS","123","Standard query response 0x43c3 AAAA doh.opendns.com AAAA 2620:119:fc::2"
"54400","619.441684400","fe80::3d3:b157:db3d:565d","fe80::e36:23ff:fec4:7760","DNS","112","Standard query 0x1866 A fa000000051.resources.office.net"
"54401","619.442045600","fe80::3d3:b157:db3d:565d","fe80::e36:23ff:fec4:7760","DNS","112","Standard query 0x34d0 A fa000000112.resources.office.net"
"54402","619.442339300","fe80::3d3:b157:db3d:565d","fe80::e36:23ff:fec4:7760","DNS","112","Standard query 0x8c25 AAAA fa000000051.resources.office.net"
"54403","619.442348600","fe80::3d3:b157:db3d:565d","fe80::e36:23ff:fec4:7760","DNS","112","Standard query 0xb296 AAAA fa000000112.resources.office.net"
"54404","619.452545200","fe80::e36:23ff:fec4:7760","fe80::3d3:b157:db3d:565d","DNS","208","Standard query response 0x34d0 A fa000000112.resources.office.net CNAME resources.office.net.edgekey.net CNAME e11271.dscg.akamaiedge.net A 23.61.113.212"
"54405","619.453804300","fe80::e36:23ff:fec4:7760","fe80::3d3:b157:db3d:565d","DNS","208","Standard query response 0x1866 A fa000000051.resources.office.net CNAME resources.office.net.edgekey.net CNAME e11271.dscg.akamaiedge.net A 23.61.113.212"
"54406","619.454886600","fe80::e36:23ff:fec4:7760","fe80::3d3:b157:db3d:565d","DNS","276","Standard query response 0x8c25 AAAA fa000000051.resources.office.net CNAME resources.office.net.edgekey.net CNAME e11271.dscg.akamaiedge.net AAAA 2600:1417:53:192::2c07 AAAA 2600:1417:53:1ab::2c07 AAAA 2600:1417:53:19a::2c07"
"54408","619.460160600","fe80::e36:23ff:fec4:7760","fe80::3d3:b157:db3d:565d","DNS","276","Standard query response 0xb296 AAAA fa000000112.resources.office.net CNAME resources.office.net.edgekey.net CNAME e11271.dscg.akamaiedge.net AAAA 2600:1417:53:192::2c07 AAAA 2600:1417:53:1ab::2c07 AAAA 2600:1417:53:19a::2c07"
"54460","619.713308200","fe80::3d3:b157:db3d:565d","fe80::e36:23ff:fec4:7760","DNS","112","Standard query 0xb88b A fa000000125.resources.office.net"
"54461","619.713605700","fe80::3d3:b157:db3d:565d","fe80::e36:23ff:fec4:7760","DNS","112","Standard query 0xc452 AAAA fa000000125.resources.office.net"
"54462","619.723039600","fe80::e36:23ff:fec4:7760","fe80::3d3:b157:db3d:565d","DNS","208","Standard query response 0xb88b A fa000000125.resources.office.net CNAME resources.office.net.edgekey.net CNAME e11271.dscg.akamaiedge.net A 23.61.113.212"
"54463","619.728953800","fe80::e36:23ff:fec4:7760","fe80::3d3:b157:db3d:565d","DNS","276","Standard query response 0xc452 AAAA fa000000125.resources.office.net CNAME resources.office.net.edgekey.net CNAME e11271.dscg.akamaiedge.net AAAA 2600:1417:53:192::2c07 AAAA 2600:1417:53:1ab::2c07 AAAA 2600:1417:53:19a::2c07"
"61064","622.666870100","fe80::3d3:b157:db3d:565d","fe80::e36:23ff:fec4:7760","DNS","112","Standard query 0xf4d6 A mobile.events.data.microsoft.com"
"61065","622.667047900","fe80::3d3:b157:db3d:565d","fe80::e36:23ff:fec4:7760","DNS","112","Standard query 0x37b7 AAAA mobile.events.data.microsoft.com"
"61085","622.678462000","fe80::e36:23ff:fec4:7760","fe80::3d3:b157:db3d:565d","DNS","232","Standard query response 0xf4d6 A mobile.events.data.microsoft.com CNAME mobile.events.data.trafficmanager.net CNAME onedscolprdwus02.westus.cloudapp.azure.com A 20.189.173.3"
"61092","622.682596400","fe80::e36:23ff:fec4:7760","fe80::3d3:b157:db3d:565d","DNS","276","Standard query response 0x37b7 AAAA mobile.events.data.microsoft.com CNAME mobile.events.data.trafficmanager.net CNAME onedscolprdwus02.westus.cloudapp.azure.com SOA ns1-02.azure-dns.com"
"62090","623.256246800","fe80::3d3:b157:db3d:565d","fe80::e36:23ff:fec4:7760","DNS","109","Standard query 0x2b6c A v10.events.data.microsoft.com"
"62091","623.256332900","fe80::3d3:b157:db3d:565d","fe80::e36:23ff:fec4:7760","DNS","109","Standard query 0x994a AAAA v10.events.data.microsoft.com"
"62116","623.271114100","fe80::e36:23ff:fec4:7760","fe80::3d3:b157:db3d:565d","DNS","290","Standard query response 0x994a AAAA v10.events.data.microsoft.com CNAME win-global-asimov-leafs-events-data.trafficmanager.net CNAME onedscolprdwus11.westus.cloudapp.azure.com SOA ns1-02.azure-dns.com"
"62119","623.271284700","fe80::e36:23ff:fec4:7760","fe80::3d3:b157:db3d:565d","DNS","246","Standard query response 0x2b6c A v10.events.data.microsoft.com CNAME win-global-asimov-leafs-events-data.trafficmanager.net CNAME onedscolprdwus11.westus.cloudapp.azure.com A 20.189.173.12"
"62829","626.271128100","fe80::3d3:b157:db3d:565d","fe80::e36:23ff:fec4:7760","DNS","109","Standard query 0x541b A v20.events.data.microsoft.com"
"62830","626.271342400","fe80::3d3:b157:db3d:565d","fe80::e36:23ff:fec4:7760","DNS","109","Standard query 0xe84a AAAA v20.events.data.microsoft.com"
"62831","626.282164800","fe80::e36:23ff:fec4:7760","fe80::3d3:b157:db3d:565d","DNS","290","Standard query response 0xe84a AAAA v20.events.data.microsoft.com CNAME win-global-asimov-leafs-events-data.trafficmanager.net CNAME onedscolprdwus11.westus.cloudapp.azure.com SOA ns1-02.azure-dns.com"
"62832","626.285343500","fe80::e36:23ff:fec4:7760","fe80::3d3:b157:db3d:565d","DNS","246","Standard query response 0x541b A v20.events.data.microsoft.com CNAME win-global-asimov-leafs-events-data.trafficmanager.net CNAME onedscolprdwus11.westus.cloudapp.azure.com A 20.189.173.12"
"62987","632.758897300","fe80::3d3:b157:db3d:565d","fe80::e36:23ff:fec4:7760","DNS","100","Standard query 0x6b5c HTTPS a.nel.cloudflare.com"
"62988","632.759046400","fe80::3d3:b157:db3d:565d","fe80::e36:23ff:fec4:7760","DNS","100","Standard query 0xd87a AAAA a.nel.cloudflare.com"
"62989","632.759147700","fe80::3d3:b157:db3d:565d","fe80::e36:23ff:fec4:7760","DNS","100","Standard query 0xa986 A a.nel.cloudflare.com"
"62990","632.769454900","fe80::e36:23ff:fec4:7760","fe80::3d3:b157:db3d:565d","DNS","128","Standard query response 0xd87a AAAA a.nel.cloudflare.com AAAA 2600:1901:0:47fc::"
"62991","632.771104800","fe80::e36:23ff:fec4:7760","fe80::3d3:b157:db3d:565d","DNS","116","Standard query response 0xa986 A a.nel.cloudflare.com A 35.190.80.1"
"62992","632.771104800","fe80::e36:23ff:fec4:7760","fe80::3d3:b157:db3d:565d","DNS","151","Standard query response 0x6b5c HTTPS a.nel.cloudflare.com SOA coleman.ns.cloudflare.com"
"63054","635.919821800","fe80::3d3:b157:db3d:565d","fe80::e36:23ff:fec4:7760","DNS","98","Standard query 0x0513 HTTPS edge.microsoft.com"
"63055","635.919973800","fe80::3d3:b157:db3d:565d","fe80::e36:23ff:fec4:7760","DNS","98","Standard query 0xc4ee AAAA edge.microsoft.com"
"63056","635.920083200","fe80::3d3:b157:db3d:565d","fe80::e36:23ff:fec4:7760","DNS","98","Standard query 0x30ed A edge.microsoft.com"
"63061","635.931649400","fe80::e36:23ff:fec4:7760","fe80::3d3:b157:db3d:565d","DNS","198","Standard query response 0x30ed A edge.microsoft.com CNAME edge-microsoft-com.ax-0002.ax-msedge.net CNAME ax-0002.ax-msedge.net A 150.171.27.11 A 150.171.28.11"
"63062","635.933555900","fe80::e36:23ff:fec4:7760","fe80::3d3:b157:db3d:565d","DNS","213","Standard query response 0x0513 HTTPS edge.microsoft.com CNAME edge-microsoft-com.ax-0002.ax-msedge.net CNAME ax-0002.ax-msedge.net SOA ns1.ax-msedge.net"
"63063","635.933555900","fe80::e36:23ff:fec4:7760","fe80::3d3:b157:db3d:565d","DNS","222","Standard query response 0xc4ee AAAA edge.microsoft.com CNAME edge-microsoft-com.ax-0002.ax-msedge.net CNAME ax-0002.ax-msedge.net AAAA 2620:1ec:33::11 AAAA 2620:1ec:33:1::11"
"63125","653.420115100","fe80::3d3:b157:db3d:565d","fe80::e36:23ff:fec4:7760","DNS","112","Standard query 0x6cc1 HTTPS mobile.events.data.microsoft.com"
"63126","653.420324800","fe80::3d3:b157:db3d:565d","fe80::e36:23ff:fec4:7760","DNS","112","Standard query 0x5602 AAAA mobile.events.data.microsoft.com"
"63127","653.420463200","fe80::3d3:b157:db3d:565d","fe80::e36:23ff:fec4:7760","DNS","112","Standard query 0x269e A mobile.events.data.microsoft.com"
"63132","653.435108700","fe80::e36:23ff:fec4:7760","fe80::3d3:b157:db3d:565d","DNS","232","Standard query response 0x269e A mobile.events.data.microsoft.com CNAME mobile.events.data.trafficmanager.net CNAME onedscolprdeus03.eastus.cloudapp.azure.com A 20.42.73.24"
"63133","653.435108700","fe80::e36:23ff:fec4:7760","fe80::3d3:b157:db3d:565d","DNS","283","Standard query response 0x6cc1 HTTPS mobile.events.data.microsoft.com CNAME mobile.events.data.trafficmanager.net CNAME onedscolprdeus03.eastus.cloudapp.azure.com SOA ns1-02.azure-dns.com"
"63134","653.436342800","fe80::e36:23ff:fec4:7760","fe80::3d3:b157:db3d:565d","DNS","283","Standard query response 0x5602 AAAA mobile.events.data.microsoft.com CNAME mobile.events.data.trafficmanager.net CNAME onedscolprdeus03.eastus.cloudapp.azure.com SOA ns1-02.azure-dns.com"
"63232","662.579465100","fe80::3d3:b157:db3d:565d","fe80::e36:23ff:fec4:7760","DNS","91","Standard query 0x48b3 HTTPS chatgpt.com"
"63233","662.579756700","fe80::3d3:b157:db3d:565d","fe80::e36:23ff:fec4:7760","DNS","91","Standard query 0x6c7c AAAA chatgpt.com"
"63234","662.579965600","fe80::3d3:b157:db3d:565d","fe80::e36:23ff:fec4:7760","DNS","91","Standard query 0xa393 A chatgpt.com"
"63235","662.591589100","fe80::e36:23ff:fec4:7760","fe80::3d3:b157:db3d:565d","DNS","152","Standard query response 0x48b3 HTTPS chatgpt.com SOA hassan.ns.cloudflare.com"
"63236","662.595326600","fe80::e36:23ff:fec4:7760","fe80::3d3:b157:db3d:565d","DNS","119","Standard query response 0x6c7c AAAA chatgpt.com AAAA 2606:4700:83b2:7cbc:c2a5:4d0:5ff2:75c4"
"63237","662.595326600","fe80::e36:23ff:fec4:7760","fe80::3d3:b157:db3d:565d","DNS","123","Standard query response 0xa393 A chatgpt.com A 104.18.32.47 A 172.64.155.209"
"63282","666.090065300","fe80::3d3:b157:db3d:565d","fe80::e36:23ff:fec4:7760","DNS","112","Standard query 0xb393 A mobile.events.data.microsoft.com"
"63283","666.090123600","fe80::3d3:b157:db3d:565d","fe80::e36:23ff:fec4:7760","DNS","112","Standard query 0x8e94 AAAA mobile.events.data.microsoft.com"
"63284","666.101568200","fe80::e36:23ff:fec4:7760","fe80::3d3:b157:db3d:565d","DNS","232","Standard query response 0xb393 A mobile.events.data.microsoft.com CNAME mobile.events.data.trafficmanager.net CNAME onedscolprdeus03.eastus.cloudapp.azure.com A 20.42.73.24"
"63285","666.102645500","fe80::e36:23ff:fec4:7760","fe80::3d3:b157:db3d:565d","DNS","283","Standard query response 0x8e94 AAAA mobile.events.data.microsoft.com CNAME mobile.events.data.trafficmanager.net CNAME onedscolprdeus03.eastus.cloudapp.azure.com SOA ns1-02.azure-dns.com"
"63313","668.313506100","fe80::3d3:b157:db3d:565d","fe80::e36:23ff:fec4:7760","DNS","112","Standard query 0xbd7d A fa000000112.resources.office.net"
"63314","668.313580200","fe80::3d3:b157:db3d:565d","fe80::e36:23ff:fec4:7760","DNS","112","Standard query 0xcf0f AAAA fa000000112.resources.office.net"
"63315","668.329982500","fe80::e36:23ff:fec4:7760","fe80::3d3:b157:db3d:565d","DNS","208","Standard query response 0xbd7d A fa000000112.resources.office.net CNAME resources.office.net.edgekey.net CNAME e11271.dscg.akamaiedge.net A 23.61.113.212"
"63316","668.329982500","fe80::e36:23ff:fec4:7760","fe80::3d3:b157:db3d:565d","DNS","332","Standard query response 0xcf0f AAAA fa000000112.resources.office.net CNAME resources.office.net.edgekey.net CNAME e11271.dscg.akamaiedge.net AAAA 2600:1417:53:19f::2c07 AAAA 2600:1417:53:1b3::2c07 AAAA 2600:1417:53:19a::2c07 AAAA 2600:1417:53:18a::2c07 AAAA 2600:1417:53:188::2c07"
"63453","671.369483800","fe80::3d3:b157:db3d:565d","fe80::e36:23ff:fec4:7760","DNS","112","Standard query 0xbaf0 AAAA mobile.events.data.microsoft.com"
"63454","671.378962900","fe80::e36:23ff:fec4:7760","fe80::3d3:b157:db3d:565d","DNS","283","Standard query response 0xbaf0 AAAA mobile.events.data.microsoft.com CNAME mobile.events.data.trafficmanager.net CNAME onedscolprdeus03.eastus.cloudapp.azure.com SOA ns1-02.azure-dns.com"
"63528","677.575499400","fe80::3d3:b157:db3d:565d","fe80::e36:23ff:fec4:7760","DNS","92","Standard query 0x8bea HTTPS www.bing.com"
"63529","677.576020900","fe80::3d3:b157:db3d:565d","fe80::e36:23ff:fec4:7760","DNS","92","Standard query 0x4e75 AAAA www.bing.com"
"63530","677.576452400","fe80::3d3:b157:db3d:565d","fe80::e36:23ff:fec4:7760","DNS","92","Standard query 0x29c2 A www.bing.com"
"63531","677.586183100","fe80::e36:23ff:fec4:7760","fe80::3d3:b157:db3d:565d","DNS","357","Standard query response 0x29c2 A www.bing.com CNAME www-www.bing.com.trafficmanager.net CNAME www.bing.com.edgekey.net CNAME e86303.dscx.akamaiedge.net A 23.200.238.203 A 23.200.238.219 A 23.200.238.235 A 23.200.238.225 A 23.200.238.234 A 23.200.238.240 A 23.200.238.211 A 23.200.238.208 A 23.200.238.224"
"63532","677.593548900","fe80::e36:23ff:fec4:7760","fe80::3d3:b157:db3d:565d","DNS","274","Standard query response 0x8bea HTTPS www.bing.com CNAME www-www.bing.com.trafficmanager.net CNAME www.bing.com.edgekey.net CNAME e86303.dscx.akamaiedge.net SOA n0dscx.akamaiedge.net"
"63533","677.593548900","fe80::e36:23ff:fec4:7760","fe80::3d3:b157:db3d:565d","DNS","353","Standard query response 0x4e75 AAAA www.bing.com CNAME www-www.bing.com.trafficmanager.net CNAME www.bing.com.edgekey.net CNAME e86303.dscx.akamaiedge.net AAAA 2600:140f:9800::17d7:d7d2 AAAA 2600:140f:9800::17d7:d7cb AAAA 2600:140f:9800::17d7:d7c8 AAAA 2600:140f:9800::17c8:eef8 AAAA 2600:140f:9800::17c8:eefb"
"63569","678.101649900","fe80::3d3:b157:db3d:565d","fe80::e36:23ff:fec4:7760","DNS","98","Standard query 0xa188 HTTPS edge.microsoft.com"
"63570","678.101924000","fe80::3d3:b157:db3d:565d","fe80::e36:23ff:fec4:7760","DNS","98","Standard query 0x94ba AAAA edge.microsoft.com"
"63571","678.102086600","fe80::3d3:b157:db3d:565d","fe80::e36:23ff:fec4:7760","DNS","98","Standard query 0xf0a4 A edge.microsoft.com"
"63572","678.111446400","fe80::3d3:b157:db3d:565d","fe80::e36:23ff:fec4:7760","DNS","98","Standard query 0x4dbb HTTPS edge.microsoft.com"
"63573","678.111709300","fe80::3d3:b157:db3d:565d","fe80::e36:23ff:fec4:7760","DNS","98","Standard query 0x129b AAAA edge.microsoft.com"
"63574","678.112073900","fe80::e36:23ff:fec4:7760","fe80::3d3:b157:db3d:565d","DNS","213","Standard query response 0xa188 HTTPS edge.microsoft.com CNAME edge-microsoft-com.ax-0002.ax-msedge.net CNAME ax-0002.ax-msedge.net SOA ns1.ax-msedge.net"
"63575","678.113362200","fe80::3d3:b157:db3d:565d","fe80::e36:23ff:fec4:7760","DNS","98","Standard query 0x6849 A edge.microsoft.com"
"63576","678.114781900","fe80::3d3:b157:db3d:565d","fe80::e36:23ff:fec4:7760","DNS","92","Standard query 0x20e6 HTTPS www.bing.com"
"63577","678.115031400","fe80::3d3:b157:db3d:565d","fe80::e36:23ff:fec4:7760","DNS","92","Standard query 0xed35 AAAA www.bing.com"
"63578","678.115176000","fe80::3d3:b157:db3d:565d","fe80::e36:23ff:fec4:7760","DNS","92","Standard query 0xf592 A www.bing.com"
"63579","678.115662800","fe80::e36:23ff:fec4:7760","fe80::3d3:b157:db3d:565d","DNS","222","Standard query response 0x94ba AAAA edge.microsoft.com CNAME edge-microsoft-com.ax-0002.ax-msedge.net CNAME ax-0002.ax-msedge.net AAAA 2620:1ec:33::11 AAAA 2620:1ec:33:1::11"
"63580","678.117363800","fe80::e36:23ff:fec4:7760","fe80::3d3:b157:db3d:565d","DNS","222","Standard query response 0x129b AAAA edge.microsoft.com CNAME edge-microsoft-com.ax-0002.ax-msedge.net CNAME ax-0002.ax-msedge.net AAAA 2620:1ec:33::11 AAAA 2620:1ec:33:1::11"
"63581","678.118406900","fe80::e36:23ff:fec4:7760","fe80::3d3:b157:db3d:565d","DNS","198","Standard query response 0xf0a4 A edge.microsoft.com CNAME edge-microsoft-com.ax-0002.ax-msedge.net CNAME ax-0002.ax-msedge.net A 150.171.27.11 A 150.171.28.11"
"63582","678.118406900","fe80::e36:23ff:fec4:7760","fe80::3d3:b157:db3d:565d","DNS","198","Standard query response 0x6849 A edge.microsoft.com CNAME edge-microsoft-com.ax-0002.ax-msedge.net CNAME ax-0002.ax-msedge.net A 150.171.27.11 A 150.171.28.11"
"63584","678.124905200","fe80::e36:23ff:fec4:7760","fe80::3d3:b157:db3d:565d","DNS","213","Standard query response 0x4dbb HTTPS edge.microsoft.com CNAME edge-microsoft-com.ax-0002.ax-msedge.net CNAME ax-0002.ax-msedge.net SOA ns1.ax-msedge.net"
"63585","678.127747300","fe80::e36:23ff:fec4:7760","fe80::3d3:b157:db3d:565d","DNS","353","Standard query response 0xed35 AAAA www.bing.com CNAME www-www.bing.com.trafficmanager.net CNAME www.bing.com.edgekey.net CNAME e86303.dscx.akamaiedge.net AAAA 2600:140f:9800::17d7:d7d2 AAAA 2600:140f:9800::17d7:d7cb AAAA 2600:140f:9800::17d7:d7c8 AAAA 2600:140f:9800::17c8:eef8 AAAA 2600:140f:9800::17c8:eefb"
"63586","678.127747300","fe80::e36:23ff:fec4:7760","fe80::3d3:b157:db3d:565d","DNS","357","Standard query response 0xf592 A www.bing.com CNAME www-www.bing.com.trafficmanager.net CNAME www.bing.com.edgekey.net CNAME e86303.dscx.akamaiedge.net A 23.200.238.203 A 23.200.238.219 A 23.200.238.235 A 23.200.238.225 A 23.200.238.234 A 23.200.238.240 A 23.200.238.211 A 23.200.238.208 A 23.200.238.224"
"63589","678.134188700","fe80::e36:23ff:fec4:7760","fe80::3d3:b157:db3d:565d","DNS","274","Standard query response 0x20e6 HTTPS www.bing.com CNAME www-www.bing.com.trafficmanager.net CNAME www.bing.com.edgekey.net CNAME e86303.dscx.akamaiedge.net SOA n0dscx.akamaiedge.net"
"63605","678.158081100","fe80::3d3:b157:db3d:565d","fe80::e36:23ff:fec4:7760","DNS","100","Standard query 0xb322 HTTPS substrate.office.com"
"63606","678.158487900","fe80::3d3:b157:db3d:565d","fe80::e36:23ff:fec4:7760","DNS","100","Standard query 0x0cb5 AAAA substrate.office.com"
"63607","678.158898900","fe80::3d3:b157:db3d:565d","fe80::e36:23ff:fec4:7760","DNS","100","Standard query 0x8150 A substrate.office.com"
"63622","678.172444300","fe80::e36:23ff:fec4:7760","fe80::3d3:b157:db3d:565d","DNS","421","Standard query response 0x0cb5 AAAA substrate.office.com CNAME outlook.cloud.microsoft CNAME acdcatm.outlook.mira.tm.svc.cloud.microsoft CNAME atm.outlook.mira.tm.svc.cloud.microsoft AAAA 2603:1046:c04:104b::2 AAAA 2603:1046:c04:819::2 AAAA 2603:1046:c04:1407::2 AAAA 2603:1046:c04:1403::2 AAAA 2603:1046:c04:140d::2 AAAA 2603:1046:c04:1409::2 AAAA 2603:1046:c04:101a::2 AAAA 2603:1046:c04:1410::2"
"63623","678.172444300","fe80::e36:23ff:fec4:7760","fe80::3d3:b157:db3d:565d","DNS","280","Standard query response 0xb322 HTTPS substrate.office.com CNAME outlook.cloud.microsoft CNAME acdcatm.outlook.mira.tm.svc.cloud.microsoft CNAME atm.outlook.mira.tm.svc.cloud.microsoft SOA ns1-33.azure-dns.com"
"63626","678.173019100","fe80::e36:23ff:fec4:7760","fe80::3d3:b157:db3d:565d","DNS","325","Standard query response 0x8150 A substrate.office.com CNAME outlook.cloud.microsoft CNAME acdcatm.outlook.mira.tm.svc.cloud.microsoft CNAME atm.outlook.mira.tm.svc.cloud.microsoft A 40.104.107.226 A 40.104.122.98 A 40.104.134.130 A 40.104.107.194 A 40.99.34.162 A 40.104.207.50 A 40.104.135.66 A 52.98.87.242"
"63924","679.141095100","fe80::3d3:b157:db3d:565d","fe80::e36:23ff:fec4:7760","DNS","100","Standard query 0xb725 A substrate.office.com"
"63925","679.141172200","fe80::3d3:b157:db3d:565d","fe80::e36:23ff:fec4:7760","DNS","100","Standard query 0x4358 AAAA substrate.office.com"
"63937","679.152805800","fe80::e36:23ff:fec4:7760","fe80::3d3:b157:db3d:565d","DNS","421","Standard query response 0x4358 AAAA substrate.office.com CNAME outlook.cloud.microsoft CNAME acdcatm.outlook.mira.tm.svc.cloud.microsoft CNAME atm.outlook.mira.tm.svc.cloud.microsoft AAAA 2603:1046:c04:104b::2 AAAA 2603:1046:c04:819::2 AAAA 2603:1046:c04:1407::2 AAAA 2603:1046:c04:1403::2 AAAA 2603:1046:c04:140d::2 AAAA 2603:1046:c04:1409::2 AAAA 2603:1046:c04:101a::2 AAAA 2603:1046:c04:1410::2"
"63938","679.154827600","fe80::e36:23ff:fec4:7760","fe80::3d3:b157:db3d:565d","DNS","325","Standard query response 0xb725 A substrate.office.com CNAME outlook.cloud.microsoft CNAME acdcatm.outlook.mira.tm.svc.cloud.microsoft CNAME atm.outlook.mira.tm.svc.cloud.microsoft A 40.104.107.226 A 40.104.122.98 A 40.104.134.130 A 40.104.107.194 A 40.99.34.162 A 40.104.207.50 A 40.104.135.66 A 52.98.87.242"
"64011","682.166466700","fe80::3d3:b157:db3d:565d","fe80::e36:23ff:fec4:7760","DNS","91","Standard query 0x376a HTTPS ntp.msn.com"
"64012","682.166726100","fe80::3d3:b157:db3d:565d","fe80::e36:23ff:fec4:7760","DNS","91","Standard query 0xd89a AAAA ntp.msn.com"
"64013","682.166903600","fe80::3d3:b157:db3d:565d","fe80::e36:23ff:fec4:7760","DNS","91","Standard query 0xa970 A ntp.msn.com"
"64014","682.178182700","fe80::e36:23ff:fec4:7760","fe80::3d3:b157:db3d:565d","DNS","272","Standard query response 0xa970 A ntp.msn.com CNAME ntp-msn-com-world-atm-default.trafficmanager.net CNAME ntp.msn.com-ion.edgesuite.net CNAME a434.dscr.akamai.net A 23.48.226.11 A 23.48.226.9 A 23.48.226.24"
"64015","682.178182700","fe80::e36:23ff:fec4:7760","fe80::3d3:b157:db3d:565d","DNS","308","Standard query response 0xd89a AAAA ntp.msn.com CNAME ntp-msn-com-world-atm-default.trafficmanager.net CNAME ntp.msn.com-ion.edgesuite.net CNAME a434.dscr.akamai.net AAAA 2600:140f:f400::1730:e209 AAAA 2600:140f:f400::1730:e218 AAAA 2600:140f:f400::1730:e20b"
"64016","682.187665300","fe80::e36:23ff:fec4:7760","fe80::3d3:b157:db3d:565d","DNS","285","Standard query response 0x376a HTTPS ntp.msn.com CNAME ntp-msn-com-world-atm-default.trafficmanager.net CNAME ntp.msn.com-ion.edgesuite.net CNAME a434.dscr.akamai.net SOA n0dscr.akamai.net"
"64022","682.207579400","fe80::3d3:b157:db3d:565d","fe80::e36:23ff:fec4:7760","DNS","114","Standard query 0x09e7 HTTPS prod.rewardsplatform.microsoft.com"
"64023","682.208447100","fe80::3d3:b157:db3d:565d","fe80::e36:23ff:fec4:7760","DNS","114","Standard query 0xbe02 AAAA prod.rewardsplatform.microsoft.com"
"64024","682.209478300","fe80::3d3:b157:db3d:565d","fe80::e36:23ff:fec4:7760","DNS","114","Standard query 0x5932 A prod.rewardsplatform.microsoft.com"
"64031","682.219396000","fe80::e36:23ff:fec4:7760","fe80::3d3:b157:db3d:565d","DNS","240","Standard query response 0xbe02 AAAA prod.rewardsplatform.microsoft.com CNAME rewardsplatformprod-d2g5g3cah3eza6gm.b01.azurefd.net CNAME mr-b01.tm-azurefd.net AAAA 2603:1061:14:153::1"
"64032","682.220771600","fe80::e36:23ff:fec4:7760","fe80::3d3:b157:db3d:565d","DNS","228","Standard query response 0x5932 A prod.rewardsplatform.microsoft.com CNAME rewardsplatformprod-d2g5g3cah3eza6gm.b01.azurefd.net CNAME mr-b01.tm-azurefd.net A 150.171.110.83"
"64033","682.220771600","fe80::e36:23ff:fec4:7760","fe80::3d3:b157:db3d:565d","DNS","327","Standard query response 0x09e7 HTTPS prod.rewardsplatform.microsoft.com CNAME rewardsplatformprod-d2g5g3cah3eza6gm.b01.azurefd.net CNAME mr-b01.tm-azurefd.net CNAME shed.dual-low.part-0044.t-0009.t-msedge.net CNAME part-0044.t-0009.t-msedge.net SOA ns1.t-msedge.net"
"64143","682.497691500","fe80::3d3:b157:db3d:565d","fe80::e36:23ff:fec4:7760","DNS","107","Standard query 0xe49d HTTPS img-s-msn-com.akamaized.net"
"64144","682.497963300","fe80::3d3:b157:db3d:565d","fe80::e36:23ff:fec4:7760","DNS","107","Standard query 0xf218 AAAA img-s-msn-com.akamaized.net"
"64145","682.498177900","fe80::3d3:b157:db3d:565d","fe80::e36:23ff:fec4:7760","DNS","107","Standard query 0x86dd A img-s-msn-com.akamaized.net"
"64146","682.498512300","fe80::3d3:b157:db3d:565d","fe80::e36:23ff:fec4:7760","DNS","104","Standard query 0x7545 HTTPS sb.scorecardresearch.com"
"64147","682.498741900","fe80::3d3:b157:db3d:565d","fe80::e36:23ff:fec4:7760","DNS","104","Standard query 0x332a AAAA sb.scorecardresearch.com"
"64148","682.498974600","fe80::3d3:b157:db3d:565d","fe80::e36:23ff:fec4:7760","DNS","104","Standard query 0xffc2 A sb.scorecardresearch.com"
"64149","682.499363700","fe80::3d3:b157:db3d:565d","fe80::e36:23ff:fec4:7760","DNS","91","Standard query 0xe35a HTTPS th.bing.com"
"64150","682.499659800","fe80::3d3:b157:db3d:565d","fe80::e36:23ff:fec4:7760","DNS","91","Standard query 0xc8a8 AAAA th.bing.com"
"64151","682.499937400","fe80::3d3:b157:db3d:565d","fe80::e36:23ff:fec4:7760","DNS","91","Standard query 0x3488 A th.bing.com"
"64152","682.509123100","fe80::e36:23ff:fec4:7760","fe80::3d3:b157:db3d:565d","DNS","205","Standard query response 0xe49d HTTPS img-s-msn-com.akamaized.net CNAME a1834.dscg2.akamai.net SOA n0dscg2.akamai.net"
"64153","682.511657200","fe80::e36:23ff:fec4:7760","fe80::3d3:b157:db3d:565d","DNS","196","Standard query response 0xf218 AAAA img-s-msn-com.akamaized.net CNAME a1834.dscg2.akamai.net AAAA 2600:140f:f400::1730:e213 AAAA 2600:140f:f400::1730:e20a"
"64154","682.514638700","fe80::e36:23ff:fec4:7760","fe80::3d3:b157:db3d:565d","DNS","172","Standard query response 0x86dd A img-s-msn-com.akamaized.net CNAME a1834.dscg2.akamai.net A 23.48.226.19 A 23.48.226.10"
"64155","682.514638700","fe80::e36:23ff:fec4:7760","fe80::3d3:b157:db3d:565d","DNS","168","Standard query response 0xffc2 A sb.scorecardresearch.com A 18.161.229.129 A 18.161.229.66 A 18.161.229.94 A 18.161.229.61"
"64156","682.517117500","fe80::e36:23ff:fec4:7760","fe80::3d3:b157:db3d:565d","DNS","185","Standard query response 0x332a AAAA sb.scorecardresearch.com SOA ns-905.awsdns-49.net"
"64157","682.517117500","fe80::e36:23ff:fec4:7760","fe80::3d3:b157:db3d:565d","DNS","269","Standard query response 0xe35a HTTPS th.bing.com CNAME p-th.bing.com.trafficmanager.net CNAME th.bing.com.edgekey.net CNAME e86303.dscx.akamaiedge.net SOA n0dscx.akamaiedge.net"
"64158","682.519263400","fe80::e36:23ff:fec4:7760","fe80::3d3:b157:db3d:565d","DNS","348","Standard query response 0xc8a8 AAAA th.bing.com CNAME p-th.bing.com.trafficmanager.net CNAME th.bing.com.edgekey.net CNAME e86303.dscx.akamaiedge.net AAAA 2600:140f:9800::17d7:d7d2 AAAA 2600:140f:9800::17d7:d7cb AAAA 2600:140f:9800::17d7:d7c8 AAAA 2600:140f:9800::17c8:eef8 AAAA 2600:140f:9800::17c8:eefb"
"64159","682.521431400","fe80::e36:23ff:fec4:7760","fe80::3d3:b157:db3d:565d","DNS","352","Standard query response 0x3488 A th.bing.com CNAME p-th.bing.com.trafficmanager.net CNAME th.bing.com.edgekey.net CNAME e86303.dscx.akamaiedge.net A 23.200.238.203 A 23.200.238.219 A 23.200.238.235 A 23.200.238.225 A 23.200.238.234 A 23.200.238.240 A 23.200.238.211 A 23.200.238.208 A 23.200.238.224"
"64160","682.521917500","fe80::3d3:b157:db3d:565d","fe80::e36:23ff:fec4:7760","DNS","92","Standard query 0xc5f6 HTTPS www.bing.com"
"64161","682.522492500","fe80::3d3:b157:db3d:565d","fe80::e36:23ff:fec4:7760","DNS","92","Standard query 0xef17 AAAA www.bing.com"
"64162","682.523001700","fe80::3d3:b157:db3d:565d","fe80::e36:23ff:fec4:7760","DNS","92","Standard query 0x2eae A www.bing.com"
"64163","682.529887500","fe80::3d3:b157:db3d:565d","fe80::e36:23ff:fec4:7760","DNS","89","Standard query 0x32eb HTTPS c.msn.com"
"64164","682.530467100","fe80::3d3:b157:db3d:565d","fe80::e36:23ff:fec4:7760","DNS","89","Standard query 0xf6f8 AAAA c.msn.com"
"64165","682.530992200","fe80::3d3:b157:db3d:565d","fe80::e36:23ff:fec4:7760","DNS","89","Standard query 0x94ca A c.msn.com"
"64166","682.533990100","fe80::3d3:b157:db3d:565d","fe80::e36:23ff:fec4:7760","DNS","90","Standard query 0x64e9 HTTPS c.bing.com"
"64167","682.534390900","fe80::e36:23ff:fec4:7760","fe80::3d3:b157:db3d:565d","DNS","353","Standard query response 0xef17 AAAA www.bing.com CNAME www-www.bing.com.trafficmanager.net CNAME www.bing.com.edgekey.net CNAME e86303.dscx.akamaiedge.net AAAA 2600:140f:9800::17d7:d7d2 AAAA 2600:140f:9800::17d7:d7cb AAAA 2600:140f:9800::17d7:d7c8 AAAA 2600:140f:9800::17c8:eef8 AAAA 2600:140f:9800::17c8:eefb"
"64168","682.534390900","fe80::e36:23ff:fec4:7760","fe80::3d3:b157:db3d:565d","DNS","357","Standard query response 0x2eae A www.bing.com CNAME www-www.bing.com.trafficmanager.net CNAME www.bing.com.edgekey.net CNAME e86303.dscx.akamaiedge.net A 23.200.238.203 A 23.200.238.219 A 23.200.238.235 A 23.200.238.225 A 23.200.238.234 A 23.200.238.240 A 23.200.238.211 A 23.200.238.208 A 23.200.238.224"
"64169","682.534553200","fe80::3d3:b157:db3d:565d","fe80::e36:23ff:fec4:7760","DNS","90","Standard query 0xac7d AAAA c.bing.com"
"64170","682.535102000","fe80::3d3:b157:db3d:565d","fe80::e36:23ff:fec4:7760","DNS","90","Standard query 0x8c44 A c.bing.com"
"64171","682.535432200","fe80::e36:23ff:fec4:7760","fe80::3d3:b157:db3d:565d","DNS","274","Standard query response 0xc5f6 HTTPS www.bing.com CNAME www-www.bing.com.trafficmanager.net CNAME www.bing.com.edgekey.net CNAME e86303.dscx.akamaiedge.net SOA n0dscx.akamaiedge.net"
"64174","682.542798300","fe80::e36:23ff:fec4:7760","fe80::3d3:b157:db3d:565d","DNS","233","Standard query response 0x94ca A c.msn.com CNAME c-msn-afd.trafficmanager.net CNAME idsyncprod-cehbcsbucqdhhgcj.b01.azurefd.net CNAME mr-b01.tm-azurefd.net A 150.171.110.83"
"64175","682.542798300","fe80::e36:23ff:fec4:7760","fe80::3d3:b157:db3d:565d","DNS","245","Standard query response 0xf6f8 AAAA c.msn.com CNAME c-msn-afd.trafficmanager.net CNAME idsyncprod-cehbcsbucqdhhgcj.b01.azurefd.net CNAME mr-b01.tm-azurefd.net AAAA 2603:1061:14:153::1"
"64176","682.542798300","fe80::e36:23ff:fec4:7760","fe80::3d3:b157:db3d:565d","DNS","342","Standard query response 0x32eb HTTPS c.msn.com CNAME c-msn-afd.trafficmanager.net CNAME idsyncprod-cehbcsbucqdhhgcj.b01.azurefd.net CNAME mr-b01.tm-azurefd.net CNAME shed.dual-low.part-0044.t-0009.t-msedge.net CNAME part-0044.t-0009.t-msedge.net SOA ns1.t-msedge.net"
"64177","682.544555900","fe80::e36:23ff:fec4:7760","fe80::3d3:b157:db3d:565d","DNS","207","Standard query response 0x64e9 HTTPS c.bing.com CNAME c-bing-com.ax-0001.ax-msedge.net CNAME ax-0001.ax-msedge.net SOA ns1.ax-msedge.net"
"64178","682.545958000","fe80::3d3:b157:db3d:565d","fe80::e36:23ff:fec4:7760","DNS","94","Standard query 0xfd3e HTTPS assets.msn.com"
"64179","682.546441500","fe80::e36:23ff:fec4:7760","fe80::3d3:b157:db3d:565d","DNS","206","Standard query response 0xac7d AAAA c.bing.com CNAME c-bing-com.ax-0001.ax-msedge.net CNAME ax-0001.ax-msedge.net AAAA 2620:1ec:33::10 AAAA 2620:1ec:33:1::10"
"64180","682.546471000","fe80::3d3:b157:db3d:565d","fe80::e36:23ff:fec4:7760","DNS","94","Standard query 0x0eff AAAA assets.msn.com"
"64181","682.546963800","fe80::3d3:b157:db3d:565d","fe80::e36:23ff:fec4:7760","DNS","94","Standard query 0x6f55 A assets.msn.com"
"64183","682.550460900","fe80::e36:23ff:fec4:7760","fe80::3d3:b157:db3d:565d","DNS","182","Standard query response 0x8c44 A c.bing.com CNAME c-bing-com.ax-0001.ax-msedge.net CNAME ax-0001.ax-msedge.net A 150.171.27.10 A 150.171.28.10"
"64185","682.552306800","fe80::3d3:b157:db3d:565d","fe80::e36:23ff:fec4:7760","DNS","91","Standard query 0x075c HTTPS api.msn.com"
"64186","682.552727500","fe80::3d3:b157:db3d:565d","fe80::e36:23ff:fec4:7760","DNS","91","Standard query 0x1fdb AAAA api.msn.com"
"64187","682.552977500","fe80::e36:23ff:fec4:7760","fe80::3d3:b157:db3d:565d","DNS","185","Standard query response 0x7545 HTTPS sb.scorecardresearch.com SOA ns-905.awsdns-49.net"
"64188","682.553118500","fe80::3d3:b157:db3d:565d","fe80::e36:23ff:fec4:7760","DNS","91","Standard query 0x66e5 A api.msn.com"
"64189","682.559892200","fe80::e36:23ff:fec4:7760","fe80::3d3:b157:db3d:565d","DNS","295","Standard query response 0xfd3e HTTPS assets.msn.com CNAME assets-msn-com-world-atm-default.trafficmanager.net CNAME assets.msn.com-ion.edgesuite.net CNAME a1666.dscr.akamai.net SOA n0dscr.akamai.net"
"64190","682.559892200","fe80::e36:23ff:fec4:7760","fe80::3d3:b157:db3d:565d","DNS","290","Standard query response 0x0eff AAAA assets.msn.com CNAME assets-msn-com-world-atm-default.trafficmanager.net CNAME assets.msn.com-ion.edgesuite.net CNAME a1666.dscr.akamai.net AAAA 2600:140f:f400::1730:e219 AAAA 2600:140f:f400::1730:e20a"
"64191","682.562105100","fe80::e36:23ff:fec4:7760","fe80::3d3:b157:db3d:565d","DNS","314","Standard query response 0x6f55 A assets.msn.com CNAME assets-msn-com-world-atm-default.trafficmanager.net CNAME assets.msn.com-ion.edgesuite.net CNAME a1666.dscr.akamai.net A 23.48.226.10 A 23.48.226.25 A 23.48.226.8 A 23.48.226.19 A 23.48.226.17"
"64193","682.564043600","fe80::e36:23ff:fec4:7760","fe80::3d3:b157:db3d:565d","DNS","275","Standard query response 0x075c HTTPS api.msn.com CNAME api-msn-com-oneservice-world-default.trafficmanager.net CNAME api-msn-com.ax-0003.ax-msedge.net CNAME ax-0003.ax-msedge.net SOA ns1.ax-msedge.net"
"64195","682.565999400","fe80::e36:23ff:fec4:7760","fe80::3d3:b157:db3d:565d","DNS","274","Standard query response 0x1fdb AAAA api.msn.com CNAME api-msn-com-oneservice-world-default.trafficmanager.net CNAME api-msn-com.ax-0003.ax-msedge.net CNAME ax-0003.ax-msedge.net AAAA 2620:1ec:33::12 AAAA 2620:1ec:33:1::12"
"64208","682.571203800","fe80::e36:23ff:fec4:7760","fe80::3d3:b157:db3d:565d","DNS","250","Standard query response 0x66e5 A api.msn.com CNAME api-msn-com-oneservice-world-default.trafficmanager.net CNAME api-msn-com.ax-0003.ax-msedge.net CNAME ax-0003.ax-msedge.net A 150.171.27.12 A 150.171.28.12"
"65021","707.966576500","fe80::3d3:b157:db3d:565d","fe80::e36:23ff:fec4:7760","DNS","114","Standard query 0x23cb HTTPS edge-consumer-static.azureedge.net"
"65022","707.966799800","fe80::3d3:b157:db3d:565d","fe80::e36:23ff:fec4:7760","DNS","114","Standard query 0x74f2 AAAA edge-consumer-static.azureedge.net"
"65023","707.966935100","fe80::3d3:b157:db3d:565d","fe80::e36:23ff:fec4:7760","DNS","114","Standard query 0x5b9e A edge-consumer-static.azureedge.net"
"65024","707.978010600","fe80::e36:23ff:fec4:7760","fe80::3d3:b157:db3d:565d","DNS","318","Standard query response 0x74f2 AAAA edge-consumer-static.azureedge.net CNAME edge-consumer-static.afd.azureedge.net CNAME mr-afd-azuredge.tm-azurefd.net CNAME shed.dual-low.part-0044.t-0009.t-msedge.net CNAME part-0044.t-0009.t-msedge.net AAAA 2620:1ec:bdf::72 AAAA 2620:1ec:46::72"
"65025","707.978010600","fe80::e36:23ff:fec4:7760","fe80::3d3:b157:db3d:565d","DNS","294","Standard query response 0x5b9e A edge-consumer-static.azureedge.net CNAME edge-consumer-static.afd.azureedge.net CNAME mr-afd-azuredge.tm-azurefd.net CNAME shed.dual-low.part-0044.t-0009.t-msedge.net CNAME part-0044.t-0009.t-msedge.net A 13.107.246.72 A 13.107.213.72"
"65026","707.978540000","fe80::e36:23ff:fec4:7760","fe80::3d3:b157:db3d:565d","DNS","322","Standard query response 0x23cb HTTPS edge-consumer-static.azureedge.net CNAME edge-consumer-static.afd.azureedge.net CNAME mr-afd-azuredge.tm-azurefd.net CNAME shed.dual-low.part-0044.t-0009.t-msedge.net CNAME part-0044.t-0009.t-msedge.net SOA ns1.t-msedge.net"
"65141","708.616946400","fe80::3d3:b157:db3d:565d","fe80::e36:23ff:fec4:7760","DNS","100","Standard query 0xad68 HTTPS substrate.office.com"
"65142","708.617203400","fe80::3d3:b157:db3d:565d","fe80::e36:23ff:fec4:7760","DNS","100","Standard query 0xf96c AAAA substrate.office.com"
"65143","708.617347200","fe80::3d3:b157:db3d:565d","fe80::e36:23ff:fec4:7760","DNS","100","Standard query 0x4999 A substrate.office.com"
"65145","708.635598100","fe80::e36:23ff:fec4:7760","fe80::3d3:b157:db3d:565d","DNS","325","Standard query response 0x4999 A substrate.office.com CNAME outlook.cloud.microsoft CNAME acdcatm.outlook.mira.tm.svc.cloud.microsoft CNAME atm.outlook.mira.tm.svc.cloud.microsoft A 40.99.34.226 A 40.104.107.146 A 40.104.122.162 A 40.104.135.82 A 40.104.135.114 A 40.104.207.34 A 40.104.207.146 A 52.98.56.210"
"65146","708.635598100","fe80::e36:23ff:fec4:7760","fe80::3d3:b157:db3d:565d","DNS","280","Standard query response 0xad68 HTTPS substrate.office.com CNAME outlook.cloud.microsoft CNAME acdcatm.outlook.mira.tm.svc.cloud.microsoft CNAME atm.outlook.mira.tm.svc.cloud.microsoft SOA ns1-33.azure-dns.com"
"65147","708.635598100","fe80::e36:23ff:fec4:7760","fe80::3d3:b157:db3d:565d","DNS","421","Standard query response 0xf96c AAAA substrate.office.com CNAME outlook.cloud.microsoft CNAME acdcatm.outlook.mira.tm.svc.cloud.microsoft CNAME atm.outlook.mira.tm.svc.cloud.microsoft AAAA 2603:1046:c04:1420::2 AAAA 2603:1046:c04:1015::2 AAAA 2603:1046:c04:101a::2 AAAA 2603:1046:c04:838::2 AAAA 2603:1046:c04:1401::2 AAAA 2603:1046:c04:1400::2 AAAA 2603:1046:c04:1048::2 AAAA 2603:1046:c04:1413::2"
"65203","713.439864600","fe80::3d3:b157:db3d:565d","fe80::e36:23ff:fec4:7760","DNS","112","Standard query 0xa5d1 HTTPS mobile.events.data.microsoft.com"
"65204","713.440421100","fe80::3d3:b157:db3d:565d","fe80::e36:23ff:fec4:7760","DNS","112","Standard query 0x6dcc AAAA mobile.events.data.microsoft.com"
"65205","713.440864000","fe80::3d3:b157:db3d:565d","fe80::e36:23ff:fec4:7760","DNS","112","Standard query 0xfe7e A mobile.events.data.microsoft.com"
"65210","713.450581900","fe80::e36:23ff:fec4:7760","fe80::3d3:b157:db3d:565d","DNS","276","Standard query response 0xa5d1 HTTPS mobile.events.data.microsoft.com CNAME mobile.events.data.trafficmanager.net CNAME onedscolprdwus14.westus.cloudapp.azure.com SOA ns1-02.azure-dns.com"
"65211","713.450581900","fe80::e36:23ff:fec4:7760","fe80::3d3:b157:db3d:565d","DNS","276","Standard query response 0x6dcc AAAA mobile.events.data.microsoft.com CNAME mobile.events.data.trafficmanager.net CNAME onedscolprdwus14.westus.cloudapp.azure.com SOA ns1-02.azure-dns.com"
"65212","713.454930700","fe80::e36:23ff:fec4:7760","fe80::3d3:b157:db3d:565d","DNS","232","Standard query response 0xfe7e A mobile.events.data.microsoft.com CNAME mobile.events.data.trafficmanager.net CNAME onedscolprdwus14.westus.cloudapp.azure.com A 20.189.173.15"
